{"textures":{"0":"modelengine:entity/dwarf_2"},"elements":[{"from":[8.326526,4.9795885,7.257143],"to":[11.265303,9.469389,9.134691],"rotation":{"angle":0.0,"axis":"y","origin":[12.979589,4.9795885,7.428571]},"faces":{"south":{"uv":[10.5,5.25,10.75,5.875],"rotation":0,"texture":"#0","tintindex":0},"north":{"uv":[3.25,10.5,3.5,11.125],"rotation":0,"texture":"#0","tintindex":0},"down":{"uv":[7.75,10.875,7.5,11.375],"rotation":0,"texture":"#0","tintindex":0},"east":{"uv":[8.625,5.75,9.125,6.375],"rotation":0,"texture":"#0","tintindex":0},"west":{"uv":[2.0,8.875,2.5,9.5],"rotation":0,"texture":"#0","tintindex":0},"up":{"uv":[5.375,11.375,5.125,10.875],"rotation":0,"texture":"#0","tintindex":0}}},{"from":[6.857143,7.1836743,8.734692],"to":[10.040812,8.734692,9.714286],"rotation":{"angle":0.0,"axis":"y","origin":[7.428571,6.6122456,8.734692]},"faces":{"south":{"uv":[8.125,7.375,9.125,7.75],"rotation":0,"texture":"#0","tintindex":0},"north":{"uv":[8.125,3.0,9.125,3.375],"rotation":0,"texture":"#0","tintindex":0},"down":{"uv":[9.25,0.0,8.25,0.375],"rotation":0,"texture":"#0","tintindex":0},"east":{"uv":[7.375,3.875,7.75,4.25],"rotation":0,"texture":"#0","tintindex":0},"west":{"uv":[1.5,7.75,1.875,8.125],"rotation":0,"texture":"#0","tintindex":0},"up":{"uv":[9.125,8.25,8.125,7.875],"rotation":0,"texture":"#0","tintindex":0}}},{"from":[5.714286,7.3265543,9.1346855],"to":[10.61224,10.591863,10.685709],"rotation":{"angle":0.0,"axis":"y","origin":[7.428571,6.6122456,8.734692]},"faces":{"south":{"uv":[8.125,7.375,9.125,7.75],"rotation":0,"texture":"#0","tintindex":0},"north":{"uv":[8.125,3.0,9.125,3.375],"rotation":0,"texture":"#0","tintindex":0},"down":{"uv":[9.25,0.0,8.25,0.375],"rotation":0,"texture":"#0","tintindex":0},"east":{"uv":[7.375,3.875,7.75,4.25],"rotation":0,"texture":"#0","tintindex":0},"west":{"uv":[1.5,7.75,1.875,8.125],"rotation":0,"texture":"#0","tintindex":0},"up":{"uv":[9.125,8.25,8.125,7.875],"rotation":0,"texture":"#0","tintindex":0}}},{"from":[5.714286,4.9795885,9.142858],"to":[10.61224,8.89796,11.020406],"rotation":{"angle":0.0,"axis":"y","origin":[7.428571,4.9795885,8.734692]},"faces":{"south":{"uv":[6.25,3.75,7.25,4.375],"rotation":0,"texture":"#0","tintindex":0},"north":{"uv":[6.25,3.0,7.25,3.625],"rotation":0,"texture":"#0","tintindex":0},"down":{"uv":[7.875,1.625,6.875,2.125],"rotation":0,"texture":"#0","tintindex":0},"east":{"uv":[8.625,4.25,9.125,4.875],"rotation":0,"texture":"#0","tintindex":0},"west":{"uv":[8.625,5.0,9.125,5.625],"rotation":0,"texture":"#0","tintindex":0},"up":{"uv":[5.5,7.125,4.5,6.625],"rotation":0,"texture":"#0","tintindex":0}}},{"from":[5.061223,4.9795885,7.257143],"to":[8.0,9.469389,9.134691],"rotation":{"angle":0.0,"axis":"y","origin":[4.4897943,4.9795885,7.428571]},"faces":{"south":{"uv":[10.25,4.125,10.5,4.75],"rotation":0,"texture":"#0","tintindex":0},"north":{"uv":[10.25,1.625,10.5,2.25],"rotation":0,"texture":"#0","tintindex":0},"down":{"uv":[10.875,9.0,10.625,9.5],"rotation":0,"texture":"#0","tintindex":0},"east":{"uv":[0.0,8.375,0.5,9.0],"rotation":0,"texture":"#0","tintindex":0},"west":{"uv":[7.25,8.5,7.75,9.125],"rotation":0,"texture":"#0","tintindex":0},"up":{"uv":[3.625,4.5,3.375,4.0],"rotation":0,"texture":"#0","tintindex":0}}},{"from":[5.714286,5.142857,7.257143],"to":[10.61224,11.265303,9.134691],"rotation":{"angle":0.0,"axis":"y","origin":[7.428571,5.142857,7.428571]},"faces":{"south":{"uv":[2.625,2.625,3.625,3.875],"rotation":0,"texture":"#0","tintindex":0},"north":{"uv":[2.625,1.25,3.625,2.5],"rotation":0,"texture":"#0","tintindex":0},"down":{"uv":[4.375,6.625,3.375,7.125],"rotation":0,"texture":"#0","tintindex":0},"east":{"uv":[2.75,6.0,3.25,7.25],"rotation":0,"texture":"#0","tintindex":0},"west":{"uv":[6.25,1.625,6.75,2.875],"rotation":0,"texture":"#0","tintindex":0},"up":{"uv":[7.375,0.5,6.375,0.0],"rotation":0,"texture":"#0","tintindex":0}}}],"display":{"head":{"translation":[0.0,-6.4,0.0],"scale":[4.0,4.0,4.0]}}}