{"textures":{"0":"modelengine:entity/dwarf_2"},"elements":[{"from":[7.428571,4.653063,5.877554],"to":[9.306126,5.632657,8.979594],"rotation":{"angle":0.0,"axis":"y","origin":[7.428571,4.653063,6.4489827]},"faces":{"south":{"uv":[9.875,5.75,10.375,6.125],"rotation":0,"texture":"#0","tintindex":0},"north":{"uv":[9.875,5.25,10.375,5.625],"rotation":0,"texture":"#0","tintindex":0},"down":{"uv":[1.875,8.25,1.375,9.0],"rotation":0,"texture":"#0","tintindex":0},"east":{"uv":[9.0,2.125,9.75,2.5],"rotation":0,"texture":"#0","tintindex":0},"west":{"uv":[2.625,9.0,3.375,9.375],"rotation":0,"texture":"#0","tintindex":0},"up":{"uv":[1.25,9.0,0.75,8.25],"rotation":0,"texture":"#0","tintindex":0}}},{"from":[7.2653084,6.285714,6.3673487],"to":[9.469389,7.1836743,9.142858],"rotation":{"angle":0.0,"axis":"y","origin":[7.59184,6.285714,6.6122456]},"faces":{"south":{"uv":[11.375,3.5,12.0,3.625],"rotation":0,"texture":"#0","tintindex":0},"north":{"uv":[5.875,8.25,6.5,8.375],"rotation":0,"texture":"#0","tintindex":0},"down":{"uv":[0.625,7.625,0.0,8.25],"rotation":0,"texture":"#0","tintindex":0},"east":{"uv":[11.25,7.25,11.875,7.375],"rotation":0,"texture":"#0","tintindex":0},"west":{"uv":[11.375,3.75,12.0,3.875],"rotation":0,"texture":"#0","tintindex":0},"up":{"uv":[6.5,8.125,5.875,7.5],"rotation":0,"texture":"#0","tintindex":0}}},{"from":[7.428571,6.6122456,6.5306115],"to":[9.306126,8.163269,8.979594],"rotation":{"angle":0.0,"axis":"y","origin":[7.428571,6.285714,7.428571]},"faces":{"south":{"uv":[10.0,7.75,10.5,8.125],"rotation":0,"texture":"#0","tintindex":0},"north":{"uv":[10.0,3.625,10.5,4.0],"rotation":0,"texture":"#0","tintindex":0},"down":{"uv":[9.75,7.25,9.25,7.75],"rotation":0,"texture":"#0","tintindex":0},"east":{"uv":[10.0,6.25,10.5,6.625],"rotation":0,"texture":"#0","tintindex":0},"west":{"uv":[7.875,10.0,8.375,10.375],"rotation":0,"texture":"#0","tintindex":0},"up":{"uv":[7.75,9.75,7.25,9.25],"rotation":0,"texture":"#0","tintindex":0}}},{"from":[7.428571,5.632657,6.5306115],"to":[9.306126,6.857143,8.979594],"rotation":{"angle":0.0,"axis":"y","origin":[7.428571,5.632657,6.4489827]},"faces":{"south":{"uv":[10.625,7.75,11.125,8.0],"rotation":0,"texture":"#0","tintindex":0},"north":{"uv":[9.25,6.125,9.75,6.375],"rotation":0,"texture":"#0","tintindex":0},"down":{"uv":[0.875,9.125,0.375,9.625],"rotation":0,"texture":"#0","tintindex":0},"east":{"uv":[10.625,6.25,11.125,6.5],"rotation":0,"texture":"#0","tintindex":0},"west":{"uv":[6.875,10.75,7.375,11.0],"rotation":0,"texture":"#0","tintindex":0},"up":{"uv":[3.25,7.875,2.75,7.375],"rotation":0,"texture":"#0","tintindex":0}}}],"display":{"head":{"translation":[0.0,-6.4,0.0],"scale":[4.0,4.0,4.0]}}}