{"textures":{"0":"modelengine:entity/dwarf_2"},"elements":[{"from":[6.20408,7.10204,6.7755084],"to":[8.40816,9.30612,9.306126],"rotation":{"angle":0.0,"axis":"y","origin":[7.7551026,7.6734686,6.7755084]},"faces":{"south":{"uv":[5.125,7.5,5.75,8.125],"rotation":0,"texture":"#0","tintindex":0},"north":{"uv":[0.75,7.5,1.375,8.125],"rotation":0,"texture":"#0","tintindex":0},"down":{"uv":[7.75,6.875,7.125,7.625],"rotation":0,"texture":"#0","tintindex":0},"east":{"uv":[7.0,4.5,7.75,5.125],"rotation":0,"texture":"#0","tintindex":0},"west":{"uv":[7.0,5.25,7.75,5.875],"rotation":0,"texture":"#0","tintindex":0},"up":{"uv":[7.75,6.75,7.125,6.0],"rotation":0,"texture":"#0","tintindex":0}}},{"from":[6.367343,3.7551026,6.857143],"to":[8.571428,5.551017,9.061223],"rotation":{"angle":0.0,"axis":"y","origin":[7.9183655,5.142857,7.1836743]},"faces":{"south":{"uv":[6.875,10.375,7.5,10.625],"rotation":0,"texture":"#0","tintindex":0},"north":{"uv":[10.25,4.875,10.875,5.125],"rotation":0,"texture":"#0","tintindex":0},"down":{"uv":[8.0,7.75,7.375,8.375],"rotation":0,"texture":"#0","tintindex":0},"east":{"uv":[9.875,10.25,10.5,10.5],"rotation":0,"texture":"#0","tintindex":0},"west":{"uv":[10.375,8.25,11.0,8.5],"rotation":0,"texture":"#0","tintindex":0},"up":{"uv":[7.25,8.375,6.625,7.75],"rotation":0,"texture":"#0","tintindex":0}}},{"from":[6.5306115,2.2040796,7.0204115],"to":[8.40816,4.0816283,8.89796],"rotation":{"angle":0.0,"axis":"y","origin":[7.7551026,3.591834,7.0204115]},"faces":{"south":{"uv":[9.125,1.5,9.625,2.0],"rotation":0,"texture":"#0","tintindex":0},"north":{"uv":[9.125,0.875,9.625,1.375],"rotation":0,"texture":"#0","tintindex":0},"down":{"uv":[9.75,4.875,9.25,5.375],"rotation":0,"texture":"#0","tintindex":0},"east":{"uv":[1.0,9.125,1.5,9.625],"rotation":0,"texture":"#0","tintindex":0},"west":{"uv":[9.25,4.25,9.75,4.75],"rotation":0,"texture":"#0","tintindex":0},"up":{"uv":[5.125,9.75,4.625,9.25],"rotation":0,"texture":"#0","tintindex":0}}},{"from":[6.5306115,5.551017,7.0204115],"to":[8.40816,7.10204,8.89796],"rotation":{"angle":0.0,"axis":"y","origin":[7.7551026,6.367343,7.0204115]},"faces":{"south":{"uv":[9.875,9.75,10.375,10.125],"rotation":0,"texture":"#0","tintindex":0},"north":{"uv":[7.25,9.875,7.75,10.25],"rotation":0,"texture":"#0","tintindex":0},"down":{"uv":[9.75,5.5,9.25,6.0],"rotation":0,"texture":"#0","tintindex":0},"east":{"uv":[9.875,7.25,10.375,7.625],"rotation":0,"texture":"#0","tintindex":0},"west":{"uv":[3.25,10.0,3.75,10.375],"rotation":0,"texture":"#0","tintindex":0},"up":{"uv":[5.75,9.75,5.25,9.25],"rotation":0,"texture":"#0","tintindex":0}}},{"from":[6.20408,3.1020398,6.7755084],"to":[8.081629,3.7551026,8.653063],"rotation":{"angle":0.0,"axis":"y","origin":[7.428571,4.5714283,7.428571]},"faces":{"south":{"uv":[10.875,10.375,11.375,10.625],"rotation":0,"texture":"#0","tintindex":0},"north":{"uv":[7.875,10.875,8.375,11.125],"rotation":0,"texture":"#0","tintindex":0},"down":{"uv":[8.375,9.375,7.875,9.875],"rotation":0,"texture":"#0","tintindex":0},"east":{"uv":[10.875,10.0,11.375,10.25],"rotation":0,"texture":"#0","tintindex":0},"west":{"uv":[10.875,10.75,11.375,11.0],"rotation":0,"texture":"#0","tintindex":0},"up":{"uv":[4.0,9.875,3.5,9.375],"rotation":0,"texture":"#0","tintindex":0}}}],"display":{"head":{"translation":[0.0,-6.4,0.0],"scale":[4.0,4.0,4.0]}}}