{"textures":{"0":"modelengine:entity/goblin_4"},"elements":[{"from":[3.9589086,3.1699996,5.595714],"to":[12.790909,5.377994,10.011715],"rotation":{"angle":0.0,"axis":"y","origin":[4.5714283,8.0,6.285714]},"faces":{"south":{"uv":[2.0,2.8125,3.0,3.0625],"rotation":0,"texture":"#0","tintindex":0},"north":{"uv":[0.5,2.8125,1.5,3.0625],"rotation":0,"texture":"#0","tintindex":0},"down":{"uv":[2.5,2.3125,1.5,2.8125],"rotation":0,"texture":"#0","tintindex":0},"east":{"uv":[0.0,2.8125,0.5,3.0625],"rotation":0,"texture":"#0","tintindex":0},"west":{"uv":[1.5,2.8125,2.0,3.0625],"rotation":0,"texture":"#0","tintindex":0},"up":{"uv":[1.5,2.8125,0.5,2.3125],"rotation":0,"texture":"#0","tintindex":0}}},{"from":[3.9589086,4.2739997,6.699714],"to":[12.685858,14.210001,10.011715],"rotation":{"angle":0.0,"axis":"y","origin":[4.5714283,8.0,6.285714]},"faces":{"south":{"uv":[5.8125,2.1875,6.8125,3.3125],"rotation":0,"texture":"#0","tintindex":0},"north":{"uv":[3.4375,5.5,4.4375,6.625],"rotation":0,"texture":"#0","tintindex":0},"down":{"uv":[4.4375,6.6875,3.4375,7.0625],"rotation":0,"texture":"#0","tintindex":0},"east":{"uv":[4.5,5.5,4.875,6.625],"rotation":0,"texture":"#0","tintindex":0},"west":{"uv":[6.625,4.0625,7.0,5.1875],"rotation":0,"texture":"#0","tintindex":0},"up":{"uv":[7.375,0.375,6.375,0.0],"rotation":0,"texture":"#0","tintindex":0}}},{"from":[3.9589086,5.377994,5.595714],"to":[12.790909,8.690005,6.699714],"rotation":{"angle":0.0,"axis":"y","origin":[4.5714283,8.0,6.285714]},"faces":{"south":{"uv":[3.1875,4.375,4.1875,4.75],"rotation":0,"texture":"#0","tintindex":0},"north":{"uv":[2.0625,4.375,3.0625,4.75],"rotation":0,"texture":"#0","tintindex":0},"down":{"uv":[4.0625,4.25,3.0625,4.375],"rotation":0,"texture":"#0","tintindex":0},"east":{"uv":[1.9375,4.375,2.0625,4.75],"rotation":0,"texture":"#0","tintindex":0},"west":{"uv":[3.0625,4.375,3.1875,4.75],"rotation":0,"texture":"#0","tintindex":0},"up":{"uv":[3.0625,4.375,2.0625,4.25],"rotation":0,"texture":"#0","tintindex":0}}},{"from":[3.9589086,8.1380005,10.011715],"to":[12.790909,13.106006,11.115714],"rotation":{"angle":0.0,"axis":"y","origin":[4.5714283,8.0,6.285714]},"faces":{"south":{"uv":[3.1875,3.625,4.1875,4.1875],"rotation":0,"texture":"#0","tintindex":0},"north":{"uv":[2.0625,3.625,3.0625,4.1875],"rotation":0,"texture":"#0","tintindex":0},"down":{"uv":[4.0625,3.5,3.0625,3.625],"rotation":0,"texture":"#0","tintindex":0},"east":{"uv":[1.9375,3.625,2.0625,4.1875],"rotation":0,"texture":"#0","tintindex":0},"west":{"uv":[3.0625,3.625,3.1875,4.1875],"rotation":0,"texture":"#0","tintindex":0},"up":{"uv":[3.0625,3.625,2.0625,3.5],"rotation":0,"texture":"#0","tintindex":0}}},{"from":[3.9589086,13.106006,5.595714],"to":[12.790909,14.762,11.667714],"rotation":{"angle":0.0,"axis":"y","origin":[4.5714283,8.0,6.285714]},"faces":{"south":{"uv":[5.5625,7.3125,6.5625,7.5],"rotation":0,"texture":"#0","tintindex":0},"north":{"uv":[4.5,7.25,5.5,7.4375],"rotation":0,"texture":"#0","tintindex":0},"down":{"uv":[7.0,6.0,6.0,6.6875],"rotation":0,"texture":"#0","tintindex":0},"east":{"uv":[7.625,1.3125,8.3125,1.5],"rotation":0,"texture":"#0","tintindex":0},"west":{"uv":[3.3125,7.625,4.0,7.8125],"rotation":0,"texture":"#0","tintindex":0},"up":{"uv":[7.0,5.9375,6.0,5.25],"rotation":0,"texture":"#0","tintindex":0}}},{"from":[6.751806,2.6179996,5.181714],"to":[10.063806,5.93,6.285714],"rotation":{"angle":0.0,"axis":"y","origin":[9.677434,2.6179996,5.733714]},"faces":{"south":{"uv":[7.625,0.4375,8.0,0.8125],"rotation":0,"texture":"#0","tintindex":0},"north":{"uv":[5.8125,7.5625,6.1875,7.9375],"rotation":0,"texture":"#0","tintindex":0},"down":{"uv":[7.3125,1.9375,6.9375,2.0625],"rotation":0,"texture":"#0","tintindex":0},"east":{"uv":[1.625,5.0,1.75,5.375],"rotation":0,"texture":"#0","tintindex":0},"west":{"uv":[6.5625,7.75,6.6875,8.125],"rotation":0,"texture":"#0","tintindex":0},"up":{"uv":[4.875,6.8125,4.5,6.6875],"rotation":0,"texture":"#0","tintindex":0}}},{"from":[12.29944,4.2739997,6.699714],"to":[12.40448,14.210001,10.011715],"rotation":{"angle":0.0,"axis":"y","origin":[4.5714283,8.0,6.285714]},"faces":{"south":{"uv":[0.0,7.6875,0.0625,8.8125],"rotation":0,"texture":"#0","tintindex":0},"north":{"uv":[7.625,7.25,7.6875,8.375],"rotation":0,"texture":"#0","tintindex":0},"down":{"uv":[2.1875,8.0,2.125,8.375],"rotation":0,"texture":"#0","tintindex":0},"east":{"uv":[4.5,5.5,4.875,6.625],"rotation":0,"texture":"#0","tintindex":0},"west":{"uv":[6.625,4.0625,7.0,5.1875],"rotation":0,"texture":"#0","tintindex":0},"up":{"uv":[1.875,4.6875,1.8125,4.3125],"rotation":0,"texture":"#0","tintindex":0}}},{"from":[5.0628514,14.762,5.871714],"to":[11.6868515,15.866,11.943714],"rotation":{"angle":0.0,"axis":"y","origin":[10.196474,15.314001,5.871714]},"faces":{"south":{"uv":[7.625,6.6875,8.375,6.8125],"rotation":0,"texture":"#0","tintindex":0},"north":{"uv":[7.625,6.5,8.375,6.625],"rotation":0,"texture":"#0","tintindex":0},"down":{"uv":[6.875,0.6875,6.125,1.375],"rotation":0,"texture":"#0","tintindex":0},"east":{"uv":[7.625,6.875,8.3125,7.0],"rotation":0,"texture":"#0","tintindex":0},"west":{"uv":[7.625,7.0625,8.3125,7.1875],"rotation":0,"texture":"#0","tintindex":0},"up":{"uv":[5.75,3.3125,5.0,2.625],"rotation":0,"texture":"#0","tintindex":0}}},{"from":[7.27084,12.554007,4.905714],"to":[9.478846,14.210001,5.45772],"rotation":{"angle":22.5,"axis":"x","origin":[7.98848,12.83,5.181714]},"faces":{"south":{"uv":[3.3125,7.875,3.5625,8.0625],"rotation":0,"texture":"#0","tintindex":0},"north":{"uv":[6.3125,4.625,6.5625,4.8125],"rotation":0,"texture":"#0","tintindex":0},"down":{"uv":[8.1875,4.4375,7.9375,4.5],"rotation":0,"texture":"#0","tintindex":0},"east":{"uv":[4.4375,8.0,4.5,8.1875],"rotation":0,"texture":"#0","tintindex":0},"west":{"uv":[4.5625,8.0,4.625,8.1875],"rotation":0,"texture":"#0","tintindex":0},"up":{"uv":[4.8125,2.25,4.5625,2.1875],"rotation":0,"texture":"#0","tintindex":0}}},{"from":[7.8229084,12.002001,4.905714],"to":[8.9269085,12.554007,5.45772],"rotation":{"angle":22.5,"axis":"x","origin":[7.98848,12.83,5.181714]},"faces":{"south":{"uv":[8.0,5.125,8.125,5.1875],"rotation":0,"texture":"#0","tintindex":0},"north":{"uv":[6.0625,3.375,6.1875,3.4375],"rotation":0,"texture":"#0","tintindex":0},"down":{"uv":[8.125,5.25,8.0,5.3125],"rotation":0,"texture":"#0","tintindex":0},"east":{"uv":[5.625,8.0,5.6875,8.0625],"rotation":0,"texture":"#0","tintindex":0},"west":{"uv":[5.75,8.0,5.8125,8.0625],"rotation":0,"texture":"#0","tintindex":0},"up":{"uv":[5.3125,8.0625,5.1875,8.0],"rotation":0,"texture":"#0","tintindex":0}}},{"from":[5.0628514,0.96200514,6.147714],"to":[11.6868515,3.1699996,6.699714],"rotation":{"angle":0.0,"axis":"y","origin":[4.5714283,8.0,6.285714]},"faces":{"south":{"uv":[5.8125,4.9375,6.5625,5.1875],"rotation":0,"texture":"#0","tintindex":0},"north":{"uv":[5.0,4.9375,5.75,5.1875],"rotation":0,"texture":"#0","tintindex":0},"down":{"uv":[6.5,4.875,5.75,4.9375],"rotation":0,"texture":"#0","tintindex":0},"east":{"uv":[4.9375,4.9375,5.0,5.1875],"rotation":0,"texture":"#0","tintindex":0},"west":{"uv":[5.75,4.9375,5.8125,5.1875],"rotation":0,"texture":"#0","tintindex":0},"up":{"uv":[5.75,4.9375,5.0,4.875],"rotation":0,"texture":"#0","tintindex":0}}}],"display":{"head":{"translation":[0.0,-6.4,0.0],"scale":[4.0,4.0,4.0]}}}