{"textures":{"0":"modelengine:entity/goblin_4"},"elements":[{"from":[4.35532,5.516,5.2877884],"to":[10.979321,9.932,10.807783],"rotation":{"angle":0.0,"axis":"y","origin":[4.5209484,7.7239943,6.391794]},"faces":{"south":{"uv":[6.8125,6.75,7.5625,7.25],"rotation":0,"texture":"#0","tintindex":0},"north":{"uv":[6.0,6.75,6.75,7.25],"rotation":0,"texture":"#0","tintindex":0},"down":{"uv":[7.0625,3.375,6.3125,4.0],"rotation":0,"texture":"#0","tintindex":0},"east":{"uv":[6.9375,1.0625,7.5625,1.5625],"rotation":0,"texture":"#0","tintindex":0},"west":{"uv":[1.75,6.9375,2.375,7.4375],"rotation":0,"texture":"#0","tintindex":0},"up":{"uv":[6.875,2.0625,6.125,1.4375],"rotation":0,"texture":"#0","tintindex":0}}},{"from":[6.5633087,4.9639997,4.1837883],"to":[8.771315,8.276,5.2877884],"rotation":{"angle":0.0,"axis":"y","origin":[4.5209484,7.1720057,1.9757886]},"faces":{"south":{"uv":[7.625,6.0625,7.875,6.4375],"rotation":0,"texture":"#0","tintindex":0},"north":{"uv":[7.625,4.125,7.875,4.5],"rotation":0,"texture":"#0","tintindex":0},"down":{"uv":[1.25,8.0,1.0,8.125],"rotation":0,"texture":"#0","tintindex":0},"east":{"uv":[7.75,7.625,7.875,8.0],"rotation":0,"texture":"#0","tintindex":0},"west":{"uv":[7.875,0.0,8.0,0.375],"rotation":0,"texture":"#0","tintindex":0},"up":{"uv":[8.1875,8.0625,7.9375,7.9375],"rotation":0,"texture":"#0","tintindex":0}}},{"from":[8.771389,6.62,4.7357883],"to":[9.323389,7.7239943,5.2877884],"rotation":{"angle":0.0,"axis":"y","origin":[5.072954,7.1720057,1.9757886]},"faces":{"south":{"uv":[4.6875,8.0,4.75,8.125],"rotation":0,"texture":"#0","tintindex":0},"north":{"uv":[2.875,7.4375,2.9375,7.5625],"rotation":0,"texture":"#0","tintindex":0},"down":{"uv":[5.4375,8.0,5.375,8.0625],"rotation":0,"texture":"#0","tintindex":0},"east":{"uv":[8.0,4.5625,8.0625,4.6875],"rotation":0,"texture":"#0","tintindex":0},"west":{"uv":[8.0,4.75,8.0625,4.875],"rotation":0,"texture":"#0","tintindex":0},"up":{"uv":[4.9375,2.25,4.875,2.1875],"rotation":0,"texture":"#0","tintindex":0}}},{"from":[6.0113373,6.62,4.7357883],"to":[6.5633373,7.7239943,5.2877884],"rotation":{"angle":0.0,"axis":"y","origin":[2.3129482,7.1720057,1.9757886]},"faces":{"south":{"uv":[8.0,4.9375,8.0625,5.0625],"rotation":0,"texture":"#0","tintindex":0},"north":{"uv":[4.8125,8.0,4.875,8.125],"rotation":0,"texture":"#0","tintindex":0},"down":{"uv":[5.5625,8.0,5.5,8.0625],"rotation":0,"texture":"#0","tintindex":0},"east":{"uv":[4.9375,8.0,5.0,8.125],"rotation":0,"texture":"#0","tintindex":0},"west":{"uv":[5.0625,8.0,5.125,8.125],"rotation":0,"texture":"#0","tintindex":0},"up":{"uv":[8.0625,5.4375,8.0,5.375],"rotation":0,"texture":"#0","tintindex":0}}},{"from":[6.5633087,9.932,5.2877884],"to":[8.771315,14.348001,6.391794],"rotation":{"angle":0.0,"axis":"y","origin":[4.5209484,12.14,6.391794]},"faces":{"south":{"uv":[6.25,7.5625,6.5,8.0625],"rotation":0,"texture":"#0","tintindex":0},"north":{"uv":[6.3125,4.0625,6.5625,4.5625],"rotation":0,"texture":"#0","tintindex":0},"down":{"uv":[8.25,1.5625,8.0,1.6875],"rotation":0,"texture":"#0","tintindex":0},"east":{"uv":[0.125,7.6875,0.25,8.1875],"rotation":0,"texture":"#0","tintindex":0},"west":{"uv":[0.3125,7.6875,0.4375,8.1875],"rotation":0,"texture":"#0","tintindex":0},"up":{"uv":[1.5625,8.125,1.3125,8.0],"rotation":0,"texture":"#0","tintindex":0}}},{"from":[4.35532,9.932,5.8397884],"to":[6.011326,12.692,6.943783],"rotation":{"angle":0.0,"axis":"y","origin":[2.3129482,12.14,6.943783]},"faces":{"south":{"uv":[0.75,7.6875,0.9375,8.0],"rotation":0,"texture":"#0","tintindex":0},"north":{"uv":[0.5,7.6875,0.6875,8.0],"rotation":0,"texture":"#0","tintindex":0},"down":{"uv":[2.625,8.0,2.4375,8.125],"rotation":0,"texture":"#0","tintindex":0},"east":{"uv":[3.875,7.875,4.0,8.1875],"rotation":0,"texture":"#0","tintindex":0},"west":{"uv":[7.875,5.5,8.0,5.8125],"rotation":0,"texture":"#0","tintindex":0},"up":{"uv":[8.1875,2.375,8.0,2.25],"rotation":0,"texture":"#0","tintindex":0}}},{"from":[9.875338,6.068,4.7357883],"to":[10.427338,7.1720057,5.2877884],"rotation":{"angle":0.0,"axis":"y","origin":[6.1769485,6.62,1.9757886]},"faces":{"south":{"uv":[8.0,4.9375,8.0625,5.0625],"rotation":0,"texture":"#0","tintindex":0},"north":{"uv":[4.8125,8.0,4.875,8.125],"rotation":0,"texture":"#0","tintindex":0},"down":{"uv":[5.5625,8.0,5.5,8.0625],"rotation":0,"texture":"#0","tintindex":0},"east":{"uv":[4.9375,8.0,5.0,8.125],"rotation":0,"texture":"#0","tintindex":0},"west":{"uv":[5.0625,8.0,5.125,8.125],"rotation":0,"texture":"#0","tintindex":0},"up":{"uv":[8.0625,5.4375,8.0,5.375],"rotation":0,"texture":"#0","tintindex":0}}},{"from":[4.9073887,6.068,4.7357883],"to":[5.4593883,7.1720057,5.2877884],"rotation":{"angle":0.0,"axis":"y","origin":[1.2089543,6.62,1.9757886]},"faces":{"south":{"uv":[8.0,4.9375,8.0625,5.0625],"rotation":0,"texture":"#0","tintindex":0},"north":{"uv":[4.8125,8.0,4.875,8.125],"rotation":0,"texture":"#0","tintindex":0},"down":{"uv":[5.5625,8.0,5.5,8.0625],"rotation":0,"texture":"#0","tintindex":0},"east":{"uv":[4.9375,8.0,5.0,8.125],"rotation":0,"texture":"#0","tintindex":0},"west":{"uv":[5.0625,8.0,5.125,8.125],"rotation":0,"texture":"#0","tintindex":0},"up":{"uv":[8.0625,5.4375,8.0,5.375],"rotation":0,"texture":"#0","tintindex":0}}},{"from":[9.32336,9.932,5.8397884],"to":[10.979366,12.692,6.943783],"rotation":{"angle":0.0,"axis":"y","origin":[7.2809486,12.14,6.943783]},"faces":{"south":{"uv":[0.75,7.6875,0.9375,8.0],"rotation":0,"texture":"#0","tintindex":0},"north":{"uv":[0.5,7.6875,0.6875,8.0],"rotation":0,"texture":"#0","tintindex":0},"down":{"uv":[2.625,8.0,2.4375,8.125],"rotation":0,"texture":"#0","tintindex":0},"east":{"uv":[3.875,7.875,4.0,8.1875],"rotation":0,"texture":"#0","tintindex":0},"west":{"uv":[7.875,5.5,8.0,5.8125],"rotation":0,"texture":"#0","tintindex":0},"up":{"uv":[8.1875,2.375,8.0,2.25],"rotation":0,"texture":"#0","tintindex":0}}},{"from":[6.5633087,8.828,4.1837883],"to":[8.771315,11.036006,5.2877884],"rotation":{"angle":0.0,"axis":"y","origin":[7.2809486,8.828,4.1837883]},"faces":{"south":{"uv":[5.5625,6.9375,5.8125,7.1875],"rotation":0,"texture":"#0","tintindex":0},"north":{"uv":[2.625,3.125,2.875,3.375],"rotation":0,"texture":"#0","tintindex":0},"down":{"uv":[8.25,2.0625,8.0,2.1875],"rotation":0,"texture":"#0","tintindex":0},"east":{"uv":[1.625,8.0,1.75,8.25],"rotation":0,"texture":"#0","tintindex":0},"west":{"uv":[8.0,1.75,8.125,2.0],"rotation":0,"texture":"#0","tintindex":0},"up":{"uv":[2.0625,8.125,1.8125,8.0],"rotation":0,"texture":"#0","tintindex":0}}},{"from":[-0.9545889,5.516,8.0],"to":[4.5654173,10.484,8.0],"rotation":{"angle":22.5,"axis":"y","origin":[1.4190397,8.0,8.0]},"faces":{"south":{"uv":[6.875,2.125,7.5,2.6875],"rotation":0,"texture":"#0","tintindex":0},"north":{"uv":[1.0625,6.875,1.6875,7.4375],"rotation":0,"texture":"#0","tintindex":0},"down":{"uv":[4.0,4.8125,3.375,4.8125],"rotation":0,"texture":"#0","tintindex":0},"east":{"uv":[6.0625,8.0,6.0625,8.5625],"rotation":0,"texture":"#0","tintindex":0},"west":{"uv":[6.0625,8.0,6.0625,8.5625],"rotation":0,"texture":"#0","tintindex":0},"up":{"uv":[4.0,4.8125,3.375,4.8125],"rotation":0,"texture":"#0","tintindex":0}}},{"from":[10.769269,5.516,8.0],"to":[16.289276,10.484,8.0],"rotation":{"angle":-22.5,"axis":"y","origin":[13.142858,8.0,8.0]},"faces":{"south":{"uv":[6.9375,0.4375,7.5625,1.0],"rotation":0,"texture":"#0","tintindex":0},"north":{"uv":[6.875,2.75,7.5,3.3125],"rotation":0,"texture":"#0","tintindex":0},"down":{"uv":[4.0,4.8125,3.375,4.8125],"rotation":0,"texture":"#0","tintindex":0},"east":{"uv":[6.0625,8.0,6.0625,8.5625],"rotation":0,"texture":"#0","tintindex":0},"west":{"uv":[6.0625,8.0,6.0625,8.5625],"rotation":0,"texture":"#0","tintindex":0},"up":{"uv":[4.0,4.8125,3.375,4.8125],"rotation":0,"texture":"#0","tintindex":0}}}],"display":{"head":{"translation":[0.0,-6.4,0.0],"scale":[4.0,4.0,4.0]}}}