{"textures":{"0":"modelengine:entity/goblin_4"},"elements":[{"from":[4.6581717,-3.6094294,6.14772],"to":[8.522171,1.9105654,10.563708],"rotation":{"angle":0.0,"axis":"y","origin":[9.714286,3.4285712,6.285714]},"faces":{"south":{"uv":[4.5,2.8125,4.9375,3.4375],"rotation":0,"texture":"#0","tintindex":0},"north":{"uv":[3.5625,2.8125,4.0,3.4375],"rotation":0,"texture":"#0","tintindex":0},"down":{"uv":[4.4375,2.3125,4.0,2.8125],"rotation":0,"texture":"#0","tintindex":0},"east":{"uv":[3.0625,2.8125,3.5625,3.4375],"rotation":0,"texture":"#0","tintindex":0},"west":{"uv":[4.0,2.8125,4.5,3.4375],"rotation":0,"texture":"#0","tintindex":0},"up":{"uv":[4.0,2.8125,3.5625,2.3125],"rotation":0,"texture":"#0","tintindex":0}}},{"from":[5.210143,1.9105654,6.6997085],"to":[8.522142,5.7745657,10.011721],"rotation":{"angle":0.0,"axis":"y","origin":[9.714286,3.4285712,6.285714]},"faces":{"south":{"uv":[1.875,7.5,2.25,7.9375],"rotation":0,"texture":"#0","tintindex":0},"north":{"uv":[1.0,7.5,1.375,7.9375],"rotation":0,"texture":"#0","tintindex":0},"down":{"uv":[7.9375,2.9375,7.5625,3.3125],"rotation":0,"texture":"#0","tintindex":0},"east":{"uv":[1.4375,7.5,1.8125,7.9375],"rotation":0,"texture":"#0","tintindex":0},"west":{"uv":[4.5,7.5,4.875,7.9375],"rotation":0,"texture":"#0","tintindex":0},"up":{"uv":[7.8125,0.375,7.4375,0.0],"rotation":0,"texture":"#0","tintindex":0}}},{"from":[4.6581717,5.7745657,6.14772],"to":[8.522171,9.638566,10.563708],"rotation":{"angle":0.0,"axis":"y","origin":[9.714286,3.4285712,6.285714]},"faces":{"south":{"uv":[7.125,3.375,7.5625,3.8125],"rotation":0,"texture":"#0","tintindex":0},"north":{"uv":[3.0,7.125,3.4375,7.5625],"rotation":0,"texture":"#0","tintindex":0},"down":{"uv":[7.5,5.125,7.0625,5.625],"rotation":0,"texture":"#0","tintindex":0},"east":{"uv":[2.4375,6.9375,2.9375,7.375],"rotation":0,"texture":"#0","tintindex":0},"west":{"uv":[7.0625,4.0625,7.5625,4.5],"rotation":0,"texture":"#0","tintindex":0},"up":{"uv":[7.5,5.0625,7.0625,4.5625],"rotation":0,"texture":"#0","tintindex":0}}}],"display":{"head":{"translation":[0.0,-6.4,0.0],"scale":[4.0,4.0,4.0]}}}