{"textures":{"0":"modelengine:entity/goblin_4"},"elements":[{"from":[6.3867483,6.831714,5.595714],"to":[9.69876,7.9357085,10.011721],"rotation":{"angle":0.0,"axis":"y","origin":[1.8657084,18.285715,6.285714]},"faces":{"south":{"uv":[5.9375,0.5,6.3125,0.625],"rotation":0,"texture":"#0","tintindex":0},"north":{"uv":[5.0625,0.5,5.4375,0.625],"rotation":0,"texture":"#0","tintindex":0},"down":{"uv":[5.8125,0.0,5.4375,0.5],"rotation":0,"texture":"#0","tintindex":0},"east":{"uv":[4.5625,0.5,5.0625,0.625],"rotation":0,"texture":"#0","tintindex":0},"west":{"uv":[5.4375,0.5,5.9375,0.625],"rotation":0,"texture":"#0","tintindex":0},"up":{"uv":[5.4375,0.5,5.0625,0.0],"rotation":0,"texture":"#0","tintindex":0}}},{"from":[5.8347597,9.591715,6.14772],"to":[10.250749,10.695715,10.563708],"rotation":{"angle":0.0,"axis":"y","origin":[1.8657084,18.285715,6.285714]},"faces":{"south":{"uv":[5.75,4.6875,6.25,4.8125],"rotation":0,"texture":"#0","tintindex":0},"north":{"uv":[4.75,4.6875,5.25,4.8125],"rotation":0,"texture":"#0","tintindex":0},"down":{"uv":[5.75,4.1875,5.25,4.6875],"rotation":0,"texture":"#0","tintindex":0},"east":{"uv":[4.25,4.6875,4.75,4.8125],"rotation":0,"texture":"#0","tintindex":0},"west":{"uv":[5.25,4.6875,5.75,4.8125],"rotation":0,"texture":"#0","tintindex":0},"up":{"uv":[5.25,4.6875,4.75,4.1875],"rotation":0,"texture":"#0","tintindex":0}}},{"from":[6.3867483,7.9357085,6.6997085],"to":[9.69876,9.591715,10.011721],"rotation":{"angle":0.0,"axis":"y","origin":[1.8657084,18.285715,6.285714]},"faces":{"south":{"uv":[4.5,5.25,4.875,5.4375],"rotation":0,"texture":"#0","tintindex":0},"north":{"uv":[3.75,5.25,4.125,5.4375],"rotation":0,"texture":"#0","tintindex":0},"down":{"uv":[4.5,4.875,4.125,5.25],"rotation":0,"texture":"#0","tintindex":0},"east":{"uv":[3.375,5.25,3.75,5.4375],"rotation":0,"texture":"#0","tintindex":0},"west":{"uv":[4.125,5.25,4.5,5.4375],"rotation":0,"texture":"#0","tintindex":0},"up":{"uv":[4.125,5.25,3.75,4.875],"rotation":0,"texture":"#0","tintindex":0}}},{"from":[6.452663,10.695715,6.6997085],"to":[9.764657,13.455714,10.011721],"rotation":{"angle":0.0,"axis":"y","origin":[14.285715,18.285715,6.285714]},"faces":{"south":{"uv":[5.6875,1.8125,6.0625,2.125],"rotation":0,"texture":"#0","tintindex":0},"north":{"uv":[4.9375,1.8125,5.3125,2.125],"rotation":0,"texture":"#0","tintindex":0},"down":{"uv":[5.6875,1.4375,5.3125,1.8125],"rotation":0,"texture":"#0","tintindex":0},"east":{"uv":[4.5625,1.8125,4.9375,2.125],"rotation":0,"texture":"#0","tintindex":0},"west":{"uv":[5.3125,1.8125,5.6875,2.125],"rotation":0,"texture":"#0","tintindex":0},"up":{"uv":[5.3125,1.8125,4.9375,1.4375],"rotation":0,"texture":"#0","tintindex":0}}}],"display":{"head":{"translation":[0.0,-6.4,0.0],"scale":[4.0,4.0,4.0]}}}