{"textures":{"0":"modelengine:entity/goblin_4"},"elements":[{"from":[7.856097,-3.6094294,7.8620057],"to":[11.720098,1.9105654,12.277994],"rotation":{"angle":0.0,"axis":"y","origin":[6.857143,3.4285712,8.0]},"faces":{"south":{"uv":[1.4375,3.625,1.875,4.25],"rotation":0,"texture":"#0","tintindex":0},"north":{"uv":[0.5,3.625,0.9375,4.25],"rotation":0,"texture":"#0","tintindex":0},"down":{"uv":[1.375,3.125,0.9375,3.625],"rotation":0,"texture":"#0","tintindex":0},"east":{"uv":[0.0,3.625,0.5,4.25],"rotation":0,"texture":"#0","tintindex":0},"west":{"uv":[0.9375,3.625,1.4375,4.25],"rotation":0,"texture":"#0","tintindex":0},"up":{"uv":[0.9375,3.625,0.5,3.125],"rotation":0,"texture":"#0","tintindex":0}}},{"from":[7.856097,1.9105654,8.413994],"to":[11.168092,5.7745657,11.726006],"rotation":{"angle":0.0,"axis":"y","origin":[6.857143,3.4285712,8.0]},"faces":{"south":{"uv":[7.5625,2.4375,7.9375,2.875],"rotation":0,"texture":"#0","tintindex":0},"north":{"uv":[4.9375,7.5,5.3125,7.9375],"rotation":0,"texture":"#0","tintindex":0},"down":{"uv":[5.75,7.5625,5.375,7.9375],"rotation":0,"texture":"#0","tintindex":0},"east":{"uv":[7.5625,1.9375,7.9375,2.375],"rotation":0,"texture":"#0","tintindex":0},"west":{"uv":[7.5625,4.5625,7.9375,5.0],"rotation":0,"texture":"#0","tintindex":0},"up":{"uv":[7.9375,5.4375,7.5625,5.0625],"rotation":0,"texture":"#0","tintindex":0}}},{"from":[7.856057,5.7745657,7.8620057],"to":[11.7200575,9.638566,12.277994],"rotation":{"angle":0.0,"axis":"y","origin":[6.857143,3.4285712,8.0]},"faces":{"south":{"uv":[4.0,7.125,4.4375,7.5625],"rotation":0,"texture":"#0","tintindex":0},"north":{"uv":[3.5,7.125,3.9375,7.5625],"rotation":0,"texture":"#0","tintindex":0},"down":{"uv":[0.9375,7.125,0.5,7.625],"rotation":0,"texture":"#0","tintindex":0},"east":{"uv":[7.0625,5.6875,7.5625,6.125],"rotation":0,"texture":"#0","tintindex":0},"west":{"uv":[7.0625,6.1875,7.5625,6.625],"rotation":0,"texture":"#0","tintindex":0},"up":{"uv":[0.4375,7.625,0.0,7.125],"rotation":0,"texture":"#0","tintindex":0}}}],"display":{"head":{"translation":[0.0,-6.4,0.0],"scale":[4.0,4.0,4.0]}}}