{"textures":{"0":"modelengine:entity/dwarf_1"},"elements":[{"from":[3.0520797,4.2465315,6.79216],"to":[8.116571,9.311023,9.830857],"rotation":{"angle":0.0,"axis":"y","origin":[3.5585313,4.2465315,6.79216]},"faces":{"south":{"uv":[0.0,1.375,1.25,2.625],"rotation":0,"texture":"#0","tintindex":0},"north":{"uv":[0.0,0.0,1.25,1.25],"rotation":0,"texture":"#0","tintindex":0},"down":{"uv":[4.375,6.125,3.125,6.875],"rotation":0,"texture":"#0","tintindex":0},"east":{"uv":[2.25,5.125,3.0,6.375],"rotation":0,"texture":"#0","tintindex":0},"west":{"uv":[5.625,5.0,6.375,6.25],"rotation":0,"texture":"#0","tintindex":0},"up":{"uv":[7.25,4.25,6.0,3.5],"rotation":0,"texture":"#0","tintindex":0}}},{"from":[4.0649767,2.2207365,6.79216],"to":[7.1036744,4.2465315,7.2986116],"rotation":{"angle":0.0,"axis":"y","origin":[4.5714283,1.7142854,6.285714]},"faces":{"south":{"uv":[8.125,2.875,8.875,3.375],"rotation":0,"texture":"#0","tintindex":0},"north":{"uv":[8.125,2.875,8.875,3.375],"rotation":0,"texture":"#0","tintindex":0},"down":{"uv":[11.25,3.0,10.5,3.125],"rotation":0,"texture":"#0","tintindex":0},"east":{"uv":[7.375,10.75,7.5,11.25],"rotation":0,"texture":"#0","tintindex":0},"west":{"uv":[7.625,10.875,7.75,11.375],"rotation":0,"texture":"#0","tintindex":0},"up":{"uv":[11.0,0.375,10.25,0.25],"rotation":0,"texture":"#0","tintindex":0}}}],"display":{"head":{"translation":[0.0,-6.4,0.0],"scale":[4.0,4.0,4.0]}}}