{"textures":{"0":"modelengine:entity/dwarf_1"},"elements":[{"from":[2.4489794,8.163265,8.0],"to":[5.061224,11.428572,9.306122],"rotation":{"angle":0.0,"axis":"y","origin":[2.4489794,8.163265,8.0]},"faces":{"south":{"uv":[5.2485576,5.2539773,7.2480083,7.7558713],"rotation":0,"texture":"#0","tintindex":0},"north":{"uv":[5.2485576,2.501894,7.2480083,5.003788],"rotation":0,"texture":"#0","tintindex":0},"down":{"uv":[14.995879,11.508712,12.9964285,12.50947],"rotation":0,"texture":"#0","tintindex":0},"east":{"uv":[0.0,12.50947,0.9997253,15.011364],"rotation":0,"texture":"#0","tintindex":0},"west":{"uv":[11.246909,12.759659,12.2466345,15.261553],"rotation":0,"texture":"#0","tintindex":0},"up":{"uv":[14.995879,11.258523,12.9964285,10.257765],"rotation":0,"texture":"#0","tintindex":0}}},{"from":[1.795918,8.0,8.0],"to":[2.4489794,9.632653,9.306122],"rotation":{"angle":0.0,"axis":"y","origin":[-0.48979664,8.0,8.0]},"faces":{"south":{"uv":[19.24471,6.0045457,19.744574,7.255492],"rotation":0,"texture":"#0","tintindex":0},"north":{"uv":[1.2496566,12.50947,1.7495192,13.760417],"rotation":0,"texture":"#0","tintindex":0},"down":{"uv":[20.744299,8.506439,20.244436,9.507197],"rotation":0,"texture":"#0","tintindex":0},"east":{"uv":[4.4987636,16.012121,5.498489,17.263067],"rotation":0,"texture":"#0","tintindex":0},"west":{"uv":[12.2466345,16.5125,13.24636,17.763447],"rotation":0,"texture":"#0","tintindex":0},"up":{"uv":[10.747046,21.01591,10.247184,20.015152],"rotation":0,"texture":"#0","tintindex":0}}},{"from":[2.4489794,8.0,9.306122],"to":[5.061224,9.632653,10.612245],"rotation":{"angle":0.0,"axis":"y","origin":[2.4489794,8.0,9.306122]},"faces":{"south":{"uv":[12.9964285,8.756629,14.995879,10.007576],"rotation":0,"texture":"#0","tintindex":0},"north":{"uv":[12.496566,12.759659,14.4960165,14.010606],"rotation":0,"texture":"#0","tintindex":0},"down":{"uv":[15.495742,3.0022728,13.496291,4.0030303],"rotation":0,"texture":"#0","tintindex":0},"east":{"uv":[13.496291,16.5125,14.4960165,17.763447],"rotation":0,"texture":"#0","tintindex":0},"west":{"uv":[0.0,16.76269,0.9997253,18.013636],"rotation":0,"texture":"#0","tintindex":0},"up":{"uv":[15.495742,2.7520833,13.496291,1.7513257],"rotation":0,"texture":"#0","tintindex":0}}},{"from":[2.4489794,9.632653,9.306122],"to":[5.061224,10.612246,10.285714],"rotation":{"angle":0.0,"axis":"y","origin":[2.4489794,9.632653,9.306122]},"faces":{"south":{"uv":[2.2493818,15.761931,4.248832,16.5125],"rotation":0,"texture":"#0","tintindex":0},"north":{"uv":[15.745673,1.5011364,17.745123,2.2517045],"rotation":0,"texture":"#0","tintindex":0},"down":{"uv":[7.9978023,15.761931,5.9983516,16.5125],"rotation":0,"texture":"#0","tintindex":0},"east":{"uv":[11.996703,8.756629,12.746497,9.507197],"rotation":0,"texture":"#0","tintindex":0},"west":{"uv":[19.494642,15.511743,20.244436,16.26231],"rotation":0,"texture":"#0","tintindex":0},"up":{"uv":[17.745123,3.2524621,15.745673,2.501894],"rotation":0,"texture":"#0","tintindex":0}}},{"from":[5.061224,8.0,8.0],"to":[5.714286,9.632653,9.306122],"rotation":{"angle":0.0,"axis":"y","origin":[8.0,8.0,8.0]},"faces":{"south":{"uv":[1.4995879,19.514772,1.9994506,20.76572],"rotation":0,"texture":"#0","tintindex":0},"north":{"uv":[15.2458105,19.264584,15.745673,20.51553],"rotation":0,"texture":"#0","tintindex":0},"down":{"uv":[4.998626,20.76572,4.4987636,21.766478],"rotation":0,"texture":"#0","tintindex":0},"east":{"uv":[16.745398,0.0,17.745123,1.250947],"rotation":0,"texture":"#0","tintindex":0},"west":{"uv":[1.2496566,16.76269,2.2493818,18.013636],"rotation":0,"texture":"#0","tintindex":0},"up":{"uv":[4.248832,21.766478,3.7489698,20.76572],"rotation":0,"texture":"#0","tintindex":0}}}],"display":{"head":{"translation":[0.0,-6.4,0.0],"scale":[4.0,4.0,4.0]}}}