{"textures":{"0":"modelengine:entity/dwarf_1"},"elements":[{"from":[7.020408,9.632653,8.32653],"to":[10.285714,12.89796,10.285714],"rotation":{"angle":0.0,"axis":"y","origin":[7.346939,9.632653,8.32653]},"faces":{"south":{"uv":[0.0,2.7520833,2.499313,5.2539773],"rotation":0,"texture":"#0","tintindex":0},"north":{"uv":[0.0,0.0,2.499313,2.501894],"rotation":0,"texture":"#0","tintindex":0},"down":{"uv":[8.747596,12.25928,6.248283,13.760417],"rotation":0,"texture":"#0","tintindex":0},"east":{"uv":[4.4987636,10.257765,5.9983516,12.759659],"rotation":0,"texture":"#0","tintindex":0},"west":{"uv":[11.246909,10.007576,12.746497,12.50947],"rotation":0,"texture":"#0","tintindex":0},"up":{"uv":[14.4960165,8.506439,11.996703,7.005303],"rotation":0,"texture":"#0","tintindex":0}}},{"from":[7.673469,8.326531,8.32653],"to":[9.632653,9.632653,8.653061],"rotation":{"angle":0.0,"axis":"y","origin":[8.0,8.0,8.0]},"faces":{"south":{"uv":[16.245535,5.754356,17.745123,6.7551136],"rotation":0,"texture":"#0","tintindex":0},"north":{"uv":[16.245535,5.754356,17.745123,6.7551136],"rotation":0,"texture":"#0","tintindex":0},"down":{"uv":[22.493818,6.0045457,20.99423,6.254735],"rotation":0,"texture":"#0","tintindex":0},"east":{"uv":[14.745948,21.516289,14.995879,22.517046],"rotation":0,"texture":"#0","tintindex":0},"west":{"uv":[15.2458105,21.766478,15.495742,22.767235],"rotation":0,"texture":"#0","tintindex":0},"up":{"uv":[21.993956,0.7505682,20.494368,0.5003788],"rotation":0,"texture":"#0","tintindex":0}}}],"display":{"head":{"translation":[0.0,-6.4,0.0],"scale":[4.0,4.0,4.0]}}}