{"textures":{"0":"modelengine:entity/dwarf_1"},"elements":[{"from":[7.8367343,8.0,6.367347],"to":[8.489796,8.653061,10.285714],"rotation":{"angle":0.0,"axis":"y","origin":[7.8367343,8.0,9.632653]},"faces":{"south":{"uv":[5.2485576,21.766478,5.7484202,22.266855],"rotation":0,"texture":"#0","tintindex":0},"north":{"uv":[21.494093,21.01591,21.993956,21.516289],"rotation":0,"texture":"#0","tintindex":0},"down":{"uv":[10.747046,15.761931,10.247184,18.764204],"rotation":0,"texture":"#0","tintindex":0},"east":{"uv":[15.745673,3.5026515,18.744848,4.0030303],"rotation":0,"texture":"#0","tintindex":0},"west":{"uv":[12.2466345,15.761931,15.2458105,16.26231],"rotation":0,"texture":"#0","tintindex":0},"up":{"uv":[9.997252,18.764204,9.49739,15.761931],"rotation":0,"texture":"#0","tintindex":0}}},{"from":[8.0,8.653061,6.0408163],"to":[8.32653,9.306123,6.693877],"rotation":{"angle":0.0,"axis":"y","origin":[8.0,8.653061,8.0]},"faces":{"south":{"uv":[8.247733,22.266855,8.497664,22.767235],"rotation":0,"texture":"#0","tintindex":0},"north":{"uv":[20.244436,22.016666,20.494368,22.517046],"rotation":0,"texture":"#0","tintindex":0},"down":{"uv":[22.493818,9.507197,22.243887,10.007576],"rotation":0,"texture":"#0","tintindex":0},"east":{"uv":[5.9983516,21.766478,6.4982142,22.266855],"rotation":0,"texture":"#0","tintindex":0},"west":{"uv":[21.744024,10.257765,22.243887,10.758144],"rotation":0,"texture":"#0","tintindex":0},"up":{"uv":[8.997527,22.767235,8.747596,22.266855],"rotation":0,"texture":"#0","tintindex":0}}},{"from":[8.163265,8.653061,6.0408163],"to":[8.163265,10.612246,9.959184],"rotation":{"angle":0.0,"axis":"y","origin":[7.510204,8.0,9.306123]},"faces":{"south":{"uv":[1.9994506,21.01591,1.9994506,22.517046],"rotation":0,"texture":"#0","tintindex":0},"north":{"uv":[1.9994506,21.01591,1.9994506,22.517046],"rotation":0,"texture":"#0","tintindex":0},"down":{"uv":[15.745673,21.766478,15.745673,24.76875],"rotation":0,"texture":"#0","tintindex":0},"east":{"uv":[7.4979396,2.501894,10.497115,4.0030303],"rotation":0,"texture":"#0","tintindex":0},"west":{"uv":[7.4979396,4.2532196,10.497115,5.754356],"rotation":0,"texture":"#0","tintindex":0},"up":{"uv":[7.4979396,24.51856,7.4979396,21.516289],"rotation":0,"texture":"#0","tintindex":0}}},{"from":[8.163265,6.0408163,6.0408163],"to":[8.163265,8.0,9.959184],"rotation":{"angle":0.0,"axis":"y","origin":[7.510204,8.653061,9.306123]},"faces":{"south":{"uv":[1.9994506,21.01591,1.9994506,22.517046],"rotation":0,"texture":"#0","tintindex":0},"north":{"uv":[1.9994506,21.01591,1.9994506,22.517046],"rotation":0,"texture":"#0","tintindex":0},"down":{"uv":[15.745673,21.766478,15.745673,24.76875],"rotation":0,"texture":"#0","tintindex":0},"east":{"uv":[7.4979396,6.0045457,10.497115,7.505682],"rotation":0,"texture":"#0","tintindex":0},"west":{"uv":[7.747871,0.0,10.747046,1.5011364],"rotation":0,"texture":"#0","tintindex":0},"up":{"uv":[7.4979396,24.51856,7.4979396,21.516289],"rotation":0,"texture":"#0","tintindex":0}}},{"from":[7.673469,7.836735,5.387755],"to":[8.653061,8.816327,6.367347],"rotation":{"angle":0.0,"axis":"y","origin":[8.0,8.163266,5.387755]},"faces":{"south":{"uv":[19.994505,11.258523,20.744299,12.009091],"rotation":0,"texture":"#0","tintindex":0},"north":{"uv":[19.744574,3.5026515,20.494368,4.2532196],"rotation":0,"texture":"#0","tintindex":0},"down":{"uv":[20.99423,1.0007576,20.244436,1.7513257],"rotation":0,"texture":"#0","tintindex":0},"east":{"uv":[19.994505,6.0045457,20.744299,6.7551136],"rotation":0,"texture":"#0","tintindex":0},"west":{"uv":[19.994505,16.5125,20.744299,17.263067],"rotation":0,"texture":"#0","tintindex":0},"up":{"uv":[0.74979395,21.01591,0.0,20.26534],"rotation":0,"texture":"#0","tintindex":0}}},{"from":[8.0,7.346939,6.0408163],"to":[8.32653,8.0,6.693877],"rotation":{"angle":0.0,"axis":"y","origin":[8.0,8.0,8.0]},"faces":{"south":{"uv":[22.243887,13.009849,22.493818,13.510227],"rotation":0,"texture":"#0","tintindex":0},"north":{"uv":[22.243887,12.25928,22.493818,12.759659],"rotation":0,"texture":"#0","tintindex":0},"down":{"uv":[22.493818,14.510984,22.243887,15.011364],"rotation":0,"texture":"#0","tintindex":0},"east":{"uv":[21.744024,15.761931,22.243887,16.26231],"rotation":0,"texture":"#0","tintindex":0},"west":{"uv":[16.495466,21.766478,16.995329,22.266855],"rotation":0,"texture":"#0","tintindex":0},"up":{"uv":[22.493818,14.260796,22.243887,13.760417],"rotation":0,"texture":"#0","tintindex":0}}}],"display":{"head":{"translation":[0.0,-6.4,0.0],"scale":[4.0,4.0,4.0]}}}