{"textures":{"0":"modelengine:entity/dwarf_1"},"elements":[{"from":[7.183674,6.367347,8.081633],"to":[8.816327,7.020408,9.714286],"rotation":{"angle":0.0,"axis":"y","origin":[7.836735,6.0408163,8.408163]},"faces":{"south":{"uv":[18.99478,14.761174,20.244436,15.261553],"rotation":0,"texture":"#0","tintindex":0},"north":{"uv":[18.744848,17.513258,19.994505,18.013636],"rotation":0,"texture":"#0","tintindex":0},"down":{"uv":[15.9956045,5.754356,14.745948,7.005303],"rotation":0,"texture":"#0","tintindex":0},"east":{"uv":[18.99478,9.757386,20.244436,10.257765],"rotation":0,"texture":"#0","tintindex":0},"west":{"uv":[19.24471,5.2539773,20.494368,5.754356],"rotation":0,"texture":"#0","tintindex":0},"up":{"uv":[5.7484202,15.761931,4.4987636,14.510984],"rotation":0,"texture":"#0","tintindex":0}}},{"from":[7.346939,7.020408,8.244898],"to":[8.653062,8.0,9.551021],"rotation":{"angle":0.0,"axis":"y","origin":[8.0,6.693877,8.244898]},"faces":{"south":{"uv":[18.244986,15.511743,19.24471,16.26231],"rotation":0,"texture":"#0","tintindex":0},"north":{"uv":[17.495192,11.758902,18.494917,12.50947],"rotation":0,"texture":"#0","tintindex":0},"down":{"uv":[17.745123,10.507955,16.745398,11.508712],"rotation":0,"texture":"#0","tintindex":0},"east":{"uv":[17.995054,2.501894,18.99478,3.2524621],"rotation":0,"texture":"#0","tintindex":0},"west":{"uv":[18.494917,4.2532196,19.494642,5.003788],"rotation":0,"texture":"#0","tintindex":0},"up":{"uv":[14.4960165,6.7551136,13.496291,5.754356],"rotation":0,"texture":"#0","tintindex":0}}},{"from":[7.346939,5.387755,8.244898],"to":[8.653062,6.693877,9.551021],"rotation":{"angle":0.0,"axis":"y","origin":[8.0,5.0612245,8.244898]},"faces":{"south":{"uv":[4.248832,17.513258,5.2485576,18.514015],"rotation":0,"texture":"#0","tintindex":0},"north":{"uv":[16.245535,17.012878,17.24526,18.013636],"rotation":0,"texture":"#0","tintindex":0},"down":{"uv":[8.997527,17.513258,7.9978023,18.514015],"rotation":0,"texture":"#0","tintindex":0},"east":{"uv":[10.996978,17.263067,11.996703,18.263826],"rotation":0,"texture":"#0","tintindex":0},"west":{"uv":[5.498489,17.513258,6.4982142,18.514015],"rotation":0,"texture":"#0","tintindex":0},"up":{"uv":[7.747871,18.514015,6.7481456,17.513258],"rotation":0,"texture":"#0","tintindex":0}}},{"from":[7.346939,8.0,8.0],"to":[8.979592,9.632653,9.959184],"rotation":{"angle":0.0,"axis":"y","origin":[8.0,8.0,8.0]},"faces":{"south":{"uv":[14.745948,12.759659,15.9956045,14.010606],"rotation":0,"texture":"#0","tintindex":0},"north":{"uv":[14.745948,7.255492,15.9956045,8.506439],"rotation":0,"texture":"#0","tintindex":0},"down":{"uv":[10.747046,14.010606,9.49739,15.511743],"rotation":0,"texture":"#0","tintindex":0},"east":{"uv":[2.7492445,14.010606,4.248832,15.261553],"rotation":0,"texture":"#0","tintindex":0},"west":{"uv":[6.248283,14.010606,7.747871,15.261553],"rotation":0,"texture":"#0","tintindex":0},"up":{"uv":[9.247458,15.511743,7.9978023,14.010606],"rotation":0,"texture":"#0","tintindex":0}}}],"display":{"head":{"translation":[0.0,-6.4,0.0],"scale":[4.0,4.0,4.0]}}}