{"textures":{"0":"modelengine:entity/dwarf_1"},"elements":[{"from":[7.020408,9.306123,7.7551017],"to":[8.653061,10.938776,9.714286],"rotation":{"angle":0.0,"axis":"y","origin":[8.0,9.306123,7.7551017]},"faces":{"south":{"uv":[13.996154,14.260796,15.2458105,15.511743],"rotation":0,"texture":"#0","tintindex":0},"north":{"uv":[12.496566,14.260796,13.7462225,15.511743],"rotation":0,"texture":"#0","tintindex":0},"down":{"uv":[2.499313,14.010606,1.2496566,15.511743],"rotation":0,"texture":"#0","tintindex":0},"east":{"uv":[4.4987636,13.009849,5.9983516,14.260796],"rotation":0,"texture":"#0","tintindex":0},"west":{"uv":[13.496291,4.2532196,14.995879,5.5041666],"rotation":0,"texture":"#0","tintindex":0},"up":{"uv":[14.995879,1.5011364,13.7462225,0.0],"rotation":0,"texture":"#0","tintindex":0}}},{"from":[7.183673,7.6734695,7.8367343],"to":[8.816327,8.32653,9.469387],"rotation":{"angle":0.0,"axis":"y","origin":[8.163265,7.346939,8.163265]},"faces":{"south":{"uv":[19.24471,19.014395,20.494368,19.514772],"rotation":0,"texture":"#0","tintindex":0},"north":{"uv":[19.24471,10.507955,20.494368,11.008333],"rotation":0,"texture":"#0","tintindex":0},"down":{"uv":[16.495466,10.257765,15.2458105,11.508712],"rotation":0,"texture":"#0","tintindex":0},"east":{"uv":[19.24471,18.263826,20.494368,18.764204],"rotation":0,"texture":"#0","tintindex":0},"west":{"uv":[0.0,19.514772,1.2496566,20.015152],"rotation":0,"texture":"#0","tintindex":0},"up":{"uv":[16.495466,10.007576,15.2458105,8.756629],"rotation":0,"texture":"#0","tintindex":0}}},{"from":[7.3469386,6.693877,8.0],"to":[8.653061,8.0,9.306122],"rotation":{"angle":0.0,"axis":"y","origin":[8.0,6.367347,8.0]},"faces":{"south":{"uv":[17.995054,1.250947,18.99478,2.2517045],"rotation":0,"texture":"#0","tintindex":0},"north":{"uv":[17.745123,14.260796,18.744848,15.261553],"rotation":0,"texture":"#0","tintindex":0},"down":{"uv":[18.99478,10.507955,17.995054,11.508712],"rotation":0,"texture":"#0","tintindex":0},"east":{"uv":[17.995054,0.0,18.99478,1.0007576],"rotation":0,"texture":"#0","tintindex":0},"west":{"uv":[17.995054,5.2539773,18.99478,6.254735],"rotation":0,"texture":"#0","tintindex":0},"up":{"uv":[18.99478,7.505682,17.995054,6.5049243],"rotation":0,"texture":"#0","tintindex":0}}},{"from":[7.3469386,8.32653,8.0],"to":[8.653061,9.306123,9.306122],"rotation":{"angle":0.0,"axis":"y","origin":[8.0,8.0,8.0]},"faces":{"south":{"uv":[18.99478,7.7558713,19.994505,8.506439],"rotation":0,"texture":"#0","tintindex":0},"north":{"uv":[18.744848,16.5125,19.744574,17.263067],"rotation":0,"texture":"#0","tintindex":0},"down":{"uv":[14.4960165,18.013636,13.496291,19.014395],"rotation":0,"texture":"#0","tintindex":0},"east":{"uv":[2.499313,19.014395,3.4990385,19.764961],"rotation":0,"texture":"#0","tintindex":0},"west":{"uv":[18.99478,8.756629,19.994505,9.507197],"rotation":0,"texture":"#0","tintindex":0},"up":{"uv":[13.24636,19.014395,12.2466345,18.013636],"rotation":0,"texture":"#0","tintindex":0}}}],"display":{"head":{"translation":[0.0,-6.4,0.0],"scale":[4.0,4.0,4.0]}}}