{"textures":{"0":"modelengine:entity/dwarf_1"},"elements":[{"from":[8.0,6.367347,7.0204086],"to":[9.306123,7.346939,8.979592],"rotation":{"angle":0.0,"axis":"y","origin":[8.0,6.367347,7.0204086]},"faces":{"south":{"uv":[18.744848,11.758902,19.744574,12.50947],"rotation":0,"texture":"#0","tintindex":0},"north":{"uv":[8.247733,18.764204,9.247458,19.514772],"rotation":0,"texture":"#0","tintindex":0},"down":{"uv":[9.247458,15.761931,8.247733,17.263067],"rotation":0,"texture":"#0","tintindex":0},"east":{"uv":[2.499313,16.76269,3.9989011,17.513258],"rotation":0,"texture":"#0","tintindex":0},"west":{"uv":[16.745398,4.2532196,18.244986,5.003788],"rotation":0,"texture":"#0","tintindex":0},"up":{"uv":[11.996703,17.012878,10.996978,15.511743],"rotation":0,"texture":"#0","tintindex":0}}},{"from":[8.0,7.346939,7.6734695],"to":[9.306123,8.0,8.979592],"rotation":{"angle":0.0,"axis":"y","origin":[8.0,7.346939,7.0204086]},"faces":{"south":{"uv":[20.244436,13.510227,21.244162,14.010606],"rotation":0,"texture":"#0","tintindex":0},"north":{"uv":[10.747046,7.005303,11.746772,7.505682],"rotation":0,"texture":"#0","tintindex":0},"down":{"uv":[3.4990385,17.763447,2.499313,18.764204],"rotation":0,"texture":"#0","tintindex":0},"east":{"uv":[20.244436,12.759659,21.244162,13.260037],"rotation":0,"texture":"#0","tintindex":0},"west":{"uv":[15.9956045,20.26534,16.995329,20.76572],"rotation":0,"texture":"#0","tintindex":0},"up":{"uv":[18.494917,18.013636,17.495192,17.012878],"rotation":0,"texture":"#0","tintindex":0}}},{"from":[7.8367343,8.0,7.5102043],"to":[9.469388,8.32653,9.142858],"rotation":{"angle":0.0,"axis":"y","origin":[8.163265,8.0,7.183674]},"faces":{"south":{"uv":[20.99423,9.006818,22.243887,9.257008],"rotation":0,"texture":"#0","tintindex":0},"north":{"uv":[20.99423,6.5049243,22.243887,6.7551136],"rotation":0,"texture":"#0","tintindex":0},"down":{"uv":[16.495466,4.2532196,15.2458105,5.5041666],"rotation":0,"texture":"#0","tintindex":0},"east":{"uv":[20.99423,8.506439,22.243887,8.756629],"rotation":0,"texture":"#0","tintindex":0},"west":{"uv":[20.99423,11.258523,22.243887,11.508712],"rotation":0,"texture":"#0","tintindex":0},"up":{"uv":[16.495466,1.250947,15.2458105,0.0],"rotation":0,"texture":"#0","tintindex":0}}},{"from":[8.0,8.32653,7.6734695],"to":[9.306123,9.306122,8.979592],"rotation":{"angle":0.0,"axis":"y","origin":[8.0,8.0,8.0]},"faces":{"south":{"uv":[18.99478,13.760417,19.994505,14.510984],"rotation":0,"texture":"#0","tintindex":0},"north":{"uv":[9.49739,19.014395,10.497115,19.764961],"rotation":0,"texture":"#0","tintindex":0},"down":{"uv":[2.2493818,18.263826,1.2496566,19.264584],"rotation":0,"texture":"#0","tintindex":0},"east":{"uv":[18.99478,12.759659,19.994505,13.510227],"rotation":0,"texture":"#0","tintindex":0},"west":{"uv":[19.24471,0.0,20.244436,0.7505682],"rotation":0,"texture":"#0","tintindex":0},"up":{"uv":[0.9997253,19.264584,0.0,18.263826],"rotation":0,"texture":"#0","tintindex":0}}}],"display":{"head":{"translation":[0.0,-6.4,0.0],"scale":[4.0,4.0,4.0]}}}