{"textures":{"0":"modelengine:entity/dwarf_1"},"elements":[{"from":[7.7467713,8.0,2.6106114],"to":[8.759668,9.0128975,8.688],"rotation":{"angle":0.0,"axis":"y","origin":[7.7467713,8.0,7.6751027]},"faces":{"south":{"uv":[2.625,10.875,2.875,11.125],"rotation":0,"texture":"#0","tintindex":0},"north":{"uv":[10.75,10.5,11.0,10.75],"rotation":0,"texture":"#0","tintindex":0},"down":{"uv":[5.375,7.875,5.125,9.375],"rotation":0,"texture":"#0","tintindex":0},"east":{"uv":[7.875,1.75,9.375,2.0],"rotation":0,"texture":"#0","tintindex":0},"west":{"uv":[6.125,7.875,7.625,8.125],"rotation":0,"texture":"#0","tintindex":0},"up":{"uv":[5.0,9.375,4.75,7.875],"rotation":0,"texture":"#0","tintindex":0}}},{"from":[8.0,9.0128975,2.1041594],"to":[8.506446,10.025801,3.1170626],"rotation":{"angle":0.0,"axis":"y","origin":[8.0,9.0128975,5.142857]},"faces":{"south":{"uv":[4.125,11.125,4.25,11.375],"rotation":0,"texture":"#0","tintindex":0},"north":{"uv":[10.125,11.0,10.25,11.25],"rotation":0,"texture":"#0","tintindex":0},"down":{"uv":[11.25,4.75,11.125,5.0],"rotation":0,"texture":"#0","tintindex":0},"east":{"uv":[3.0,10.875,3.25,11.125],"rotation":0,"texture":"#0","tintindex":0},"west":{"uv":[10.875,5.125,11.125,5.375],"rotation":0,"texture":"#0","tintindex":0},"up":{"uv":[4.5,11.375,4.375,11.125],"rotation":0,"texture":"#0","tintindex":0}}},{"from":[8.253222,9.0128975,2.1041594],"to":[8.253222,12.051595,8.181548],"rotation":{"angle":0.0,"axis":"y","origin":[7.240326,8.0,7.1686516]},"faces":{"south":{"uv":[1.0,10.5,1.0,11.25],"rotation":0,"texture":"#0","tintindex":0},"north":{"uv":[1.0,10.5,1.0,11.25],"rotation":0,"texture":"#0","tintindex":0},"down":{"uv":[7.875,10.875,7.875,12.375],"rotation":0,"texture":"#0","tintindex":0},"east":{"uv":[3.75,1.25,5.25,2.0],"rotation":0,"texture":"#0","tintindex":0},"west":{"uv":[3.75,2.125,5.25,2.875],"rotation":0,"texture":"#0","tintindex":0},"up":{"uv":[3.75,12.25,3.75,10.75],"rotation":0,"texture":"#0","tintindex":0}}},{"from":[8.253222,4.9613085,2.1041594],"to":[8.253222,8.0,8.181548],"rotation":{"angle":0.0,"axis":"y","origin":[7.240326,9.0128975,7.1686516]},"faces":{"south":{"uv":[1.0,10.5,1.0,11.25],"rotation":0,"texture":"#0","tintindex":0},"north":{"uv":[1.0,10.5,1.0,11.25],"rotation":0,"texture":"#0","tintindex":0},"down":{"uv":[7.875,10.875,7.875,12.375],"rotation":0,"texture":"#0","tintindex":0},"east":{"uv":[3.75,3.0,5.25,3.75],"rotation":0,"texture":"#0","tintindex":0},"west":{"uv":[3.875,0.0,5.375,0.75],"rotation":0,"texture":"#0","tintindex":0},"up":{"uv":[3.75,12.25,3.75,10.75],"rotation":0,"texture":"#0","tintindex":0}}},{"from":[7.4935484,7.746777,1.0912623],"to":[9.0128975,9.266126,2.6106114],"rotation":{"angle":0.0,"axis":"y","origin":[8.0,8.253228,1.0912623]},"faces":{"south":{"uv":[10.0,5.625,10.375,6.0],"rotation":0,"texture":"#0","tintindex":0},"north":{"uv":[9.875,1.75,10.25,2.125],"rotation":0,"texture":"#0","tintindex":0},"down":{"uv":[10.5,0.5,10.125,0.875],"rotation":0,"texture":"#0","tintindex":0},"east":{"uv":[10.0,3.0,10.375,3.375],"rotation":0,"texture":"#0","tintindex":0},"west":{"uv":[10.0,8.25,10.375,8.625],"rotation":0,"texture":"#0","tintindex":0},"up":{"uv":[0.375,10.5,0.0,10.125],"rotation":0,"texture":"#0","tintindex":0}}},{"from":[8.0,6.9871025,2.1041594],"to":[8.506446,8.0,3.1170626],"rotation":{"angle":0.0,"axis":"y","origin":[8.0,8.0,5.142857]},"faces":{"south":{"uv":[11.125,6.5,11.25,6.75],"rotation":0,"texture":"#0","tintindex":0},"north":{"uv":[11.125,6.125,11.25,6.375],"rotation":0,"texture":"#0","tintindex":0},"down":{"uv":[11.25,7.25,11.125,7.5],"rotation":0,"texture":"#0","tintindex":0},"east":{"uv":[10.875,7.875,11.125,8.125],"rotation":0,"texture":"#0","tintindex":0},"west":{"uv":[8.25,10.875,8.5,11.125],"rotation":0,"texture":"#0","tintindex":0},"up":{"uv":[11.25,7.125,11.125,6.875],"rotation":0,"texture":"#0","tintindex":0}}}],"display":{"head":{"translation":[0.0,-6.4,0.0],"scale":[4.0,4.0,4.0]}}}