{"textures":{"0":"modelengine:entity/goblin_2"},"elements":[{"from":[6.3542857,9.244085,5.681634],"to":[7.2946916,10.184492,8.9730625],"rotation":{"angle":0.0,"axis":"y","origin":[8.0,9.714286,6.857143]},"faces":{"south":{"uv":[11.125,9.875,11.375,10.125],"rotation":0,"texture":"#0","tintindex":0},"north":{"uv":[11.125,9.5,11.375,9.75],"rotation":0,"texture":"#0","tintindex":0},"down":{"uv":[4.375,9.75,4.125,10.625],"rotation":0,"texture":"#0","tintindex":0},"east":{"uv":[9.875,8.0,10.75,8.25],"rotation":0,"texture":"#0","tintindex":0},"west":{"uv":[9.875,8.375,10.75,8.625],"rotation":0,"texture":"#0","tintindex":0},"up":{"uv":[4.0,10.625,3.75,9.75],"rotation":0,"texture":"#0","tintindex":0}}},{"from":[4.238531,9.714286,6.6622114],"to":[6.1193485,11.595103,9.013234],"rotation":{"angle":0.0,"axis":"y","origin":[8.0,9.244085,6.857143]},"faces":{"south":{"uv":[0.0,9.125,0.5,9.625],"rotation":0,"texture":"#0","tintindex":0},"north":{"uv":[9.0,6.375,9.5,6.875],"rotation":0,"texture":"#0","tintindex":0},"down":{"uv":[8.875,6.75,8.375,7.375],"rotation":0,"texture":"#0","tintindex":0},"east":{"uv":[5.0,8.375,5.625,8.875],"rotation":0,"texture":"#0","tintindex":0},"west":{"uv":[5.75,8.375,6.375,8.875],"rotation":0,"texture":"#0","tintindex":0},"up":{"uv":[8.875,6.625,8.375,6.0],"rotation":0,"texture":"#0","tintindex":0}}},{"from":[9.880651,9.714286,6.6622114],"to":[11.761469,11.595103,9.013234],"rotation":{"angle":0.0,"axis":"y","origin":[8.0,9.244085,6.857143]},"faces":{"south":{"uv":[1.875,9.5,2.375,10.0],"rotation":0,"texture":"#0","tintindex":0},"north":{"uv":[9.375,9.375,9.875,9.875],"rotation":0,"texture":"#0","tintindex":0},"down":{"uv":[2.5,8.75,2.0,9.375],"rotation":0,"texture":"#0","tintindex":0},"east":{"uv":[8.625,1.125,9.25,1.625],"rotation":0,"texture":"#0","tintindex":0},"west":{"uv":[8.625,5.125,9.25,5.625],"rotation":0,"texture":"#0","tintindex":0},"up":{"uv":[9.25,2.375,8.75,1.75],"rotation":0,"texture":"#0","tintindex":0}}},{"from":[3.9092226,9.385143,5.8226967],"to":[12.090777,11.924246,9.772411],"rotation":{"angle":0.0,"axis":"y","origin":[5.88408,10.8898,5.916737]},"faces":{"south":{"uv":[4.75,4.625,6.875,5.25],"rotation":0,"texture":"#0","tintindex":0},"north":{"uv":[4.75,3.875,6.875,4.5],"rotation":0,"texture":"#0","tintindex":0},"down":{"uv":[5.875,0.0,3.75,1.0],"rotation":0,"texture":"#0","tintindex":0},"east":{"uv":[1.0,7.5,2.0,8.125],"rotation":0,"texture":"#0","tintindex":0},"west":{"uv":[7.5,1.125,8.5,1.75],"rotation":0,"texture":"#0","tintindex":0},"up":{"uv":[2.125,4.75,0.0,3.75],"rotation":0,"texture":"#0","tintindex":0}}},{"from":[5.648977,5.717554,6.386943],"to":[10.351017,9.479189,9.208166],"rotation":{"angle":0.0,"axis":"y","origin":[5.648977,8.538777,5.916737]},"faces":{"south":{"uv":[5.0,1.125,6.25,2.125],"rotation":0,"texture":"#0","tintindex":0},"north":{"uv":[0.0,4.875,1.25,5.875],"rotation":0,"texture":"#0","tintindex":0},"down":{"uv":[8.25,4.25,7.0,5.0],"rotation":0,"texture":"#0","tintindex":0},"east":{"uv":[7.125,0.0,7.875,1.0],"rotation":0,"texture":"#0","tintindex":0},"west":{"uv":[7.25,2.25,8.0,3.25],"rotation":0,"texture":"#0","tintindex":0},"up":{"uv":[8.25,4.125,7.0,3.375],"rotation":0,"texture":"#0","tintindex":0}}},{"from":[7.2946916,8.538777,5.681634],"to":[8.705303,9.9493885,8.9730625],"rotation":{"angle":0.0,"axis":"y","origin":[8.0,9.244085,6.857143]},"faces":{"south":{"uv":[10.25,10.25,10.625,10.625],"rotation":0,"texture":"#0","tintindex":0},"north":{"uv":[10.25,9.75,10.625,10.125],"rotation":0,"texture":"#0","tintindex":0},"down":{"uv":[8.75,3.375,8.375,4.25],"rotation":0,"texture":"#0","tintindex":0},"east":{"uv":[8.0,0.625,8.875,1.0],"rotation":0,"texture":"#0","tintindex":0},"west":{"uv":[3.375,8.375,4.25,8.75],"rotation":0,"texture":"#0","tintindex":0},"up":{"uv":[1.875,9.125,1.5,8.25],"rotation":0,"texture":"#0","tintindex":0}}},{"from":[8.705303,9.244085,5.681634],"to":[9.645715,10.184492,8.9730625],"rotation":{"angle":0.0,"axis":"y","origin":[8.0,9.714286,6.857143]},"faces":{"south":{"uv":[11.125,7.375,11.375,7.625],"rotation":0,"texture":"#0","tintindex":0},"north":{"uv":[7.25,11.125,7.5,11.375],"rotation":0,"texture":"#0","tintindex":0},"down":{"uv":[0.25,9.75,0.0,10.625],"rotation":0,"texture":"#0","tintindex":0},"east":{"uv":[5.0,9.625,5.875,9.875],"rotation":0,"texture":"#0","tintindex":0},"west":{"uv":[9.625,5.625,10.5,5.875],"rotation":0,"texture":"#0","tintindex":0},"up":{"uv":[9.875,6.875,9.625,6.0],"rotation":0,"texture":"#0","tintindex":0}}}],"display":{"head":{"translation":[0.0,-6.4,0.0],"scale":[4.0,4.0,4.0]}}}