{"textures":{"0":"modelengine:entity/goblin_2"},"elements":[{"from":[6.488166,6.1191826,7.5298],"to":[9.779594,9.880817,8.470205],"rotation":{"angle":-22.5,"axis":"z","origin":[7.428571,8.0,8.0]},"faces":{"south":{"uv":[0.0,7.125,0.875,8.125],"rotation":0,"texture":"#0","tintindex":0},"north":{"uv":[7.0,5.125,7.875,6.125],"rotation":0,"texture":"#0","tintindex":0},"down":{"uv":[10.875,0.5,10.0,0.75],"rotation":0,"texture":"#0","tintindex":0},"east":{"uv":[4.625,9.125,4.875,10.125],"rotation":0,"texture":"#0","tintindex":0},"west":{"uv":[6.875,9.5,7.125,10.5],"rotation":0,"texture":"#0","tintindex":0},"up":{"uv":[10.75,9.0,9.875,8.75],"rotation":0,"texture":"#0","tintindex":0}}},{"from":[6.2530627,5.8840857,7.059594],"to":[6.7232685,10.11592,8.940412],"rotation":{"angle":-22.5,"axis":"z","origin":[7.428571,8.0,8.0]},"faces":{"south":{"uv":[9.75,10.625,9.875,11.75],"rotation":0,"texture":"#0","tintindex":0},"north":{"uv":[8.25,10.625,8.375,11.75],"rotation":0,"texture":"#0","tintindex":0},"down":{"uv":[11.5,2.75,11.375,3.25],"rotation":0,"texture":"#0","tintindex":0},"east":{"uv":[2.125,7.5,2.625,8.625],"rotation":0,"texture":"#0","tintindex":0},"west":{"uv":[2.75,7.5,3.25,8.625],"rotation":0,"texture":"#0","tintindex":0},"up":{"uv":[5.875,11.75,5.75,11.25],"rotation":0,"texture":"#0","tintindex":0}}},{"from":[6.7232685,5.8840857,8.470205],"to":[10.014697,10.11592,8.940412],"rotation":{"angle":-22.5,"axis":"z","origin":[7.428571,8.0,8.0]},"faces":{"south":{"uv":[6.375,6.5,7.25,7.625],"rotation":0,"texture":"#0","tintindex":0},"north":{"uv":[5.375,6.5,6.25,7.625],"rotation":0,"texture":"#0","tintindex":0},"down":{"uv":[11.75,2.5,10.875,2.625],"rotation":0,"texture":"#0","tintindex":0},"east":{"uv":[10.0,10.625,10.125,11.75],"rotation":0,"texture":"#0","tintindex":0},"west":{"uv":[0.0,10.75,0.125,11.875],"rotation":0,"texture":"#0","tintindex":0},"up":{"uv":[11.75,2.375,10.875,2.25],"rotation":0,"texture":"#0","tintindex":0}}},{"from":[6.7232685,5.8840857,7.059594],"to":[10.014697,10.11592,7.5298],"rotation":{"angle":-22.5,"axis":"z","origin":[7.428571,8.0,8.0]},"faces":{"south":{"uv":[4.375,6.5,5.25,7.625],"rotation":0,"texture":"#0","tintindex":0},"north":{"uv":[3.375,6.375,4.25,7.5],"rotation":0,"texture":"#0","tintindex":0},"down":{"uv":[11.75,2.0,10.875,2.125],"rotation":0,"texture":"#0","tintindex":0},"east":{"uv":[9.5,10.5,9.625,11.625],"rotation":0,"texture":"#0","tintindex":0},"west":{"uv":[8.0,10.625,8.125,11.75],"rotation":0,"texture":"#0","tintindex":0},"up":{"uv":[11.75,1.875,10.875,1.75],"rotation":0,"texture":"#0","tintindex":0}}}],"display":{"head":{"translation":[0.0,-6.4,0.0],"scale":[4.0,4.0,4.0]}}}