{"textures":{"0":"modelengine:entity/goblin_2"},"elements":[{"from":[6.1193485,7.631023,5.754457],"to":[9.880983,9.511834,6.224663],"rotation":{"angle":0.0,"axis":"y","origin":[8.0,3.8693886,7.124897]},"faces":{"south":{"uv":[4.5,7.75,5.5,8.25],"rotation":0,"texture":"#0","tintindex":0},"north":{"uv":[3.375,7.75,4.375,8.25],"rotation":0,"texture":"#0","tintindex":0},"down":{"uv":[11.625,5.625,10.625,5.75],"rotation":0,"texture":"#0","tintindex":0},"east":{"uv":[6.0,10.875,6.125,11.375],"rotation":0,"texture":"#0","tintindex":0},"west":{"uv":[8.875,11.0,9.0,11.5],"rotation":0,"texture":"#0","tintindex":0},"up":{"uv":[11.625,3.875,10.625,3.75],"rotation":0,"texture":"#0","tintindex":0}}},{"from":[7.52996,5.2799997,5.284251],"to":[8.470371,7.160817,6.224663],"rotation":{"angle":0.0,"axis":"y","origin":[8.0,3.8693886,7.124897]},"faces":{"south":{"uv":[10.75,9.625,11.0,10.125],"rotation":0,"texture":"#0","tintindex":0},"north":{"uv":[3.75,10.75,4.0,11.25],"rotation":0,"texture":"#0","tintindex":0},"down":{"uv":[11.25,9.125,11.0,9.375],"rotation":0,"texture":"#0","tintindex":0},"east":{"uv":[4.125,10.75,4.375,11.25],"rotation":0,"texture":"#0","tintindex":0},"west":{"uv":[10.25,10.75,10.5,11.25],"rotation":0,"texture":"#0","tintindex":0},"up":{"uv":[9.375,11.25,9.125,11.0],"rotation":0,"texture":"#0","tintindex":0}}},{"from":[6.5895543,5.985303,5.754457],"to":[7.0597544,6.9257145,6.224663],"rotation":{"angle":0.0,"axis":"y","origin":[8.0,3.6342854,7.124897]},"faces":{"south":{"uv":[8.5,9.5,8.625,9.75],"rotation":0,"texture":"#0","tintindex":0},"north":{"uv":[1.125,6.0,1.25,6.25],"rotation":0,"texture":"#0","tintindex":0},"down":{"uv":[8.875,2.5,8.75,2.625],"rotation":0,"texture":"#0","tintindex":0},"east":{"uv":[1.25,8.875,1.375,9.125],"rotation":0,"texture":"#0","tintindex":0},"west":{"uv":[6.0,9.625,6.125,9.875],"rotation":0,"texture":"#0","tintindex":0},"up":{"uv":[2.125,5.0,2.0,4.875],"rotation":0,"texture":"#0","tintindex":0}}},{"from":[8.940572,5.985303,5.754457],"to":[9.410777,6.9257145,6.224663],"rotation":{"angle":0.0,"axis":"y","origin":[8.0,3.6342854,7.124897]},"faces":{"south":{"uv":[11.375,4.0,11.5,4.25],"rotation":0,"texture":"#0","tintindex":0},"north":{"uv":[10.375,6.5,10.5,6.75],"rotation":0,"texture":"#0","tintindex":0},"down":{"uv":[11.5,9.25,11.375,9.375],"rotation":0,"texture":"#0","tintindex":0},"east":{"uv":[4.0,11.375,4.125,11.625],"rotation":0,"texture":"#0","tintindex":0},"west":{"uv":[4.25,11.375,4.375,11.625],"rotation":0,"texture":"#0","tintindex":0},"up":{"uv":[10.125,9.875,10.0,9.75],"rotation":0,"texture":"#0","tintindex":0}}},{"from":[6.1193485,5.7502055,6.224663],"to":[9.880983,9.511834,9.986298],"rotation":{"angle":0.0,"axis":"y","origin":[8.0,3.8693886,7.124897]},"faces":{"south":{"uv":[4.75,5.375,5.75,6.375],"rotation":0,"texture":"#0","tintindex":0},"north":{"uv":[2.5,5.25,3.5,6.25],"rotation":0,"texture":"#0","tintindex":0},"down":{"uv":[7.0,0.0,6.0,1.0],"rotation":0,"texture":"#0","tintindex":0},"east":{"uv":[3.625,5.25,4.625,6.25],"rotation":0,"texture":"#0","tintindex":0},"west":{"uv":[5.875,5.375,6.875,6.375],"rotation":0,"texture":"#0","tintindex":0},"up":{"uv":[1.0,7.0,0.0,6.0],"rotation":0,"texture":"#0","tintindex":0}}},{"from":[6.366097,5.7502055,8.620846],"to":[6.366097,9.511834,12.382475],"rotation":{"angle":-45.0,"axis":"y","origin":[8.0,3.8693886,7.595103]},"faces":{"south":{"uv":[10.5,11.375,10.5,12.375],"rotation":0,"texture":"#0","tintindex":0},"north":{"uv":[1.0,11.25,1.0,12.25],"rotation":0,"texture":"#0","tintindex":0},"down":{"uv":[0.25,11.5,0.25,12.5],"rotation":0,"texture":"#0","tintindex":0},"east":{"uv":[6.125,2.25,7.125,3.25],"rotation":0,"texture":"#0","tintindex":0},"west":{"uv":[1.125,6.375,2.125,7.375],"rotation":0,"texture":"#0","tintindex":0},"up":{"uv":[11.5,1.0,11.5,0.0],"rotation":0,"texture":"#0","tintindex":0}}},{"from":[9.633897,5.7502055,8.620846],"to":[9.633897,9.511834,12.382475],"rotation":{"angle":45.0,"axis":"y","origin":[8.0,3.8693886,7.595103]},"faces":{"south":{"uv":[10.5,11.375,10.5,12.375],"rotation":0,"texture":"#0","tintindex":0},"north":{"uv":[1.0,11.25,1.0,12.25],"rotation":0,"texture":"#0","tintindex":0},"down":{"uv":[0.25,11.5,0.25,12.5],"rotation":0,"texture":"#0","tintindex":0},"east":{"uv":[6.375,1.125,7.375,2.125],"rotation":0,"texture":"#0","tintindex":0},"west":{"uv":[2.25,6.375,3.25,7.375],"rotation":0,"texture":"#0","tintindex":0},"up":{"uv":[11.5,1.0,11.5,0.0],"rotation":0,"texture":"#0","tintindex":0}}},{"from":[5.6491427,5.7502055,5.754457],"to":[6.1193485,10.452246,9.986298],"rotation":{"angle":0.0,"axis":"y","origin":[5.1789427,5.7502055,6.224663]},"faces":{"south":{"uv":[1.625,9.875,1.75,11.125],"rotation":0,"texture":"#0","tintindex":0},"north":{"uv":[0.375,9.75,0.5,11.0],"rotation":0,"texture":"#0","tintindex":0},"down":{"uv":[7.875,10.125,7.75,11.25],"rotation":0,"texture":"#0","tintindex":0},"east":{"uv":[3.75,1.125,4.875,2.375],"rotation":0,"texture":"#0","tintindex":0},"west":{"uv":[2.25,3.75,3.375,5.0],"rotation":0,"texture":"#0","tintindex":0},"up":{"uv":[2.25,11.25,2.125,10.125],"rotation":0,"texture":"#0","tintindex":0}}},{"from":[9.880983,5.7502055,5.754457],"to":[10.351189,10.452246,9.986298],"rotation":{"angle":0.0,"axis":"y","origin":[9.410777,5.7502055,6.224663]},"faces":{"south":{"uv":[1.875,10.125,2.0,11.375],"rotation":0,"texture":"#0","tintindex":0},"north":{"uv":[3.0,10.0,3.125,11.25],"rotation":0,"texture":"#0","tintindex":0},"down":{"uv":[4.875,10.25,4.75,11.375],"rotation":0,"texture":"#0","tintindex":0},"east":{"uv":[3.75,2.5,4.875,3.75],"rotation":0,"texture":"#0","tintindex":0},"west":{"uv":[3.5,3.875,4.625,5.125],"rotation":0,"texture":"#0","tintindex":0},"up":{"uv":[4.625,11.375,4.5,10.25],"rotation":0,"texture":"#0","tintindex":0}}},{"from":[6.1193485,9.511834,5.754457],"to":[9.880983,10.452246,9.986298],"rotation":{"angle":0.0,"axis":"y","origin":[8.940572,5.7502055,6.224663]},"faces":{"south":{"uv":[9.5,3.75,10.5,4.0],"rotation":0,"texture":"#0","tintindex":0},"north":{"uv":[9.0,7.0,10.0,7.25],"rotation":0,"texture":"#0","tintindex":0},"down":{"uv":[2.375,5.125,1.375,6.25],"rotation":0,"texture":"#0","tintindex":0},"east":{"uv":[5.0,3.5,6.125,3.75],"rotation":0,"texture":"#0","tintindex":0},"west":{"uv":[8.875,3.375,10.0,3.625],"rotation":0,"texture":"#0","tintindex":0},"up":{"uv":[6.0,3.375,5.0,2.25],"rotation":0,"texture":"#0","tintindex":0}}},{"from":[6.354451,10.452246,6.4597654],"to":[9.64588,12.333063,9.280989],"rotation":{"angle":0.0,"axis":"y","origin":[8.705474,7.631023,5.98956]},"faces":{"south":{"uv":[8.0,0.0,8.875,0.5],"rotation":0,"texture":"#0","tintindex":0},"north":{"uv":[5.625,7.75,6.5,8.25],"rotation":0,"texture":"#0","tintindex":0},"down":{"uv":[8.25,7.125,7.375,7.875],"rotation":0,"texture":"#0","tintindex":0},"east":{"uv":[8.125,2.75,8.875,3.25],"rotation":0,"texture":"#0","tintindex":0},"west":{"uv":[0.625,8.25,1.375,8.75],"rotation":0,"texture":"#0","tintindex":0},"up":{"uv":[8.25,7.0,7.375,6.25],"rotation":0,"texture":"#0","tintindex":0}}},{"from":[7.294857,13.462783,7.82432],"to":[8.705474,14.403194,9.705137],"rotation":{"angle":-45.0,"axis":"x","origin":[7.765063,13.932989,8.764731]},"faces":{"south":{"uv":[10.875,8.375,11.25,8.625],"rotation":0,"texture":"#0","tintindex":0},"north":{"uv":[10.875,8.0,11.25,8.25],"rotation":0,"texture":"#0","tintindex":0},"down":{"uv":[5.375,10.0,5.0,10.5],"rotation":0,"texture":"#0","tintindex":0},"east":{"uv":[10.75,10.25,11.25,10.5],"rotation":0,"texture":"#0","tintindex":0},"west":{"uv":[10.625,10.75,11.125,11.0],"rotation":0,"texture":"#0","tintindex":0},"up":{"uv":[2.875,10.5,2.5,10.0],"rotation":0,"texture":"#0","tintindex":0}}},{"from":[6.824657,11.901594,7.2182627],"to":[9.175674,13.782412,9.09908],"rotation":{"angle":22.5,"axis":"x","origin":[7.765063,12.842006,8.1586685]},"faces":{"south":{"uv":[8.75,7.5,9.375,8.0],"rotation":0,"texture":"#0","tintindex":0},"north":{"uv":[2.625,8.75,3.25,9.25],"rotation":0,"texture":"#0","tintindex":0},