{"textures":{"0":"modelengine:entity/goblin_2"},"elements":[{"from":[7.0597544,7.529794,6.224663],"to":[8.940572,8.4702,9.045886],"rotation":{"angle":0.0,"axis":"y","origin":[9.1755085,12.70204,7.124897]},"faces":{"south":{"uv":[10.125,4.5,10.625,4.75],"rotation":0,"texture":"#0","tintindex":0},"north":{"uv":[7.5,1.875,8.0,2.125],"rotation":0,"texture":"#0","tintindex":0},"down":{"uv":[8.625,1.875,8.125,2.625],"rotation":0,"texture":"#0","tintindex":0},"east":{"uv":[7.25,9.75,8.0,10.0],"rotation":0,"texture":"#0","tintindex":0},"west":{"uv":[10.0,0.875,10.75,1.125],"rotation":0,"texture":"#0","tintindex":0},"up":{"uv":[8.5,5.875,8.0,5.125],"rotation":0,"texture":"#0","tintindex":0}}},{"from":[7.0597544,8.4702,7.1650686],"to":[8.940572,8.940406,9.045886],"rotation":{"angle":0.0,"axis":"y","origin":[9.1755085,12.70204,7.124897]},"faces":{"south":{"uv":[10.875,3.5,11.375,3.625],"rotation":0,"texture":"#0","tintindex":0},"north":{"uv":[1.375,4.875,1.875,5.0],"rotation":0,"texture":"#0","tintindex":0},"down":{"uv":[8.625,8.875,8.125,9.375],"rotation":0,"texture":"#0","tintindex":0},"east":{"uv":[9.0,3.125,9.5,3.25],"rotation":0,"texture":"#0","tintindex":0},"west":{"uv":[10.875,6.25,11.375,6.375],"rotation":0,"texture":"#0","tintindex":0},"up":{"uv":[9.375,4.25,8.875,3.75],"rotation":0,"texture":"#0","tintindex":0}}},{"from":[7.294857,8.705303,7.4001713],"to":[8.705474,9.645715,8.810782],"rotation":{"angle":0.0,"axis":"y","origin":[9.1755085,11.526531,7.124897]},"faces":{"south":{"uv":[10.875,3.125,11.25,3.375],"rotation":0,"texture":"#0","tintindex":0},"north":{"uv":[0.625,10.875,1.0,11.125],"rotation":0,"texture":"#0","tintindex":0},"down":{"uv":[10.5,6.875,10.125,7.25],"rotation":0,"texture":"#0","tintindex":0},"east":{"uv":[10.875,2.75,11.25,3.0],"rotation":0,"texture":"#0","tintindex":0},"west":{"uv":[3.25,10.875,3.625,11.125],"rotation":0,"texture":"#0","tintindex":0},"up":{"uv":[6.625,10.5,6.25,10.125],"rotation":0,"texture":"#0","tintindex":0}}},{"from":[6.9655485,7.90596,5.620246],"to":[8.09404,8.564245,6.7487373],"rotation":{"angle":0.0,"axis":"y","origin":[7.0595884,8.0,5.714286]},"faces":{"south":{"uv":[8.625,5.75,8.875,5.875],"rotation":0,"texture":"#0","tintindex":0},"north":{"uv":[7.0,6.25,7.25,6.375],"rotation":0,"texture":"#0","tintindex":0},"down":{"uv":[5.25,11.125,5.0,11.375],"rotation":0,"texture":"#0","tintindex":0},"east":{"uv":[8.0,6.0,8.25,6.125],"rotation":0,"texture":"#0","tintindex":0},"west":{"uv":[4.0,8.875,4.25,9.0],"rotation":0,"texture":"#0","tintindex":0},"up":{"uv":[0.5,11.375,0.25,11.125],"rotation":0,"texture":"#0","tintindex":0}}},{"from":[8.37616,7.90596,5.620246],"to":[9.034446,8.564245,6.7487373],"rotation":{"angle":0.0,"axis":"y","origin":[8.0,8.0,5.714286]},"faces":{"south":{"uv":[11.375,10.25,11.5,10.375],"rotation":0,"texture":"#0","tintindex":0},"north":{"uv":[10.25,11.375,10.375,11.5],"rotation":0,"texture":"#0","tintindex":0},"down":{"uv":[11.5,4.75,11.375,5.0],"rotation":0,"texture":"#0","tintindex":0},"east":{"uv":[9.5,9.125,9.75,9.25],"rotation":0,"texture":"#0","tintindex":0},"west":{"uv":[11.125,7.75,11.375,7.875],"rotation":0,"texture":"#0","tintindex":0},"up":{"uv":[11.5,4.625,11.375,4.375],"rotation":0,"texture":"#0","tintindex":0}}}],"display":{"head":{"translation":[0.0,-6.4,0.0],"scale":[4.0,4.0,4.0]}}}