{"textures":{"0":"modelengine:entity/goblin_2"},"elements":[{"from":[7.0855484,8.705303,7.4001713],"to":[8.4961605,9.645715,8.810782],"rotation":{"angle":0.0,"axis":"y","origin":[6.6155143,11.526531,7.124897]},"faces":{"south":{"uv":[5.5,10.875,5.875,11.125],"rotation":0,"texture":"#0","tintindex":0},"north":{"uv":[10.875,4.0,11.25,4.25],"rotation":0,"texture":"#0","tintindex":0},"down":{"uv":[10.5,7.375,10.125,7.75],"rotation":0,"texture":"#0","tintindex":0},"east":{"uv":[10.875,4.875,11.25,5.125],"rotation":0,"texture":"#0","tintindex":0},"west":{"uv":[10.875,5.875,11.25,6.125],"rotation":0,"texture":"#0","tintindex":0},"up":{"uv":[7.625,10.5,7.25,10.125],"rotation":0,"texture":"#0","tintindex":0}}},{"from":[6.8504457,8.4702,7.1650686],"to":[8.731263,8.940406,9.045886],"rotation":{"angle":0.0,"axis":"y","origin":[6.6155143,12.70204,7.124897]},"faces":{"south":{"uv":[11.125,6.5,11.625,6.625],"rotation":0,"texture":"#0","tintindex":0},"north":{"uv":[2.375,11.125,2.875,11.25],"rotation":0,"texture":"#0","tintindex":0},"down":{"uv":[1.75,9.25,1.25,9.75],"rotation":0,"texture":"#0","tintindex":0},"east":{"uv":[6.25,11.125,6.75,11.25],"rotation":0,"texture":"#0","tintindex":0},"west":{"uv":[11.125,6.75,11.625,6.875],"rotation":0,"texture":"#0","tintindex":0},"up":{"uv":[4.5,9.625,4.0,9.125],"rotation":0,"texture":"#0","tintindex":0}}},{"from":[6.8504457,7.529794,6.224663],"to":[8.731263,8.4702,9.045886],"rotation":{"angle":0.0,"axis":"y","origin":[6.6155143,12.70204,7.124897]},"faces":{"south":{"uv":[10.75,5.25,11.25,5.5],"rotation":0,"texture":"#0","tintindex":0},"north":{"uv":[10.75,4.5,11.25,4.75],"rotation":0,"texture":"#0","tintindex":0},"down":{"uv":[0.5,8.25,0.0,9.0],"rotation":0,"texture":"#0","tintindex":0},"east":{"uv":[10.0,1.875,10.75,2.125],"rotation":0,"texture":"#0","tintindex":0},"west":{"uv":[10.0,4.875,10.75,5.125],"rotation":0,"texture":"#0","tintindex":0},"up":{"uv":[8.625,8.75,8.125,8.0],"rotation":0,"texture":"#0","tintindex":0}}},{"from":[6.7565713,7.90596,5.620246],"to":[7.414857,8.564245,6.7487373],"rotation":{"angle":0.0,"axis":"y","origin":[7.791023,8.0,5.714286]},"faces":{"south":{"uv":[11.375,11.25,11.5,11.375],"rotation":0,"texture":"#0","tintindex":0},"north":{"uv":[11.375,11.0,11.5,11.125],"rotation":0,"texture":"#0","tintindex":0},"down":{"uv":[6.375,11.375,6.25,11.625],"rotation":0,"texture":"#0","tintindex":0},"east":{"uv":[11.375,5.125,11.625,5.25],"rotation":0,"texture":"#0","tintindex":0},"west":{"uv":[11.375,5.375,11.625,5.5],"rotation":0,"texture":"#0","tintindex":0},"up":{"uv":[11.5,6.125,11.375,5.875],"rotation":0,"texture":"#0","tintindex":0}}},{"from":[7.696983,7.90596,5.620246],"to":[8.825469,8.564245,6.7487373],"rotation":{"angle":0.0,"axis":"y","origin":[8.731428,8.0,5.714286]},"faces":{"south":{"uv":[11.375,8.0,11.625,8.125],"rotation":0,"texture":"#0","tintindex":0},"north":{"uv":[6.5,11.375,6.75,11.5],"rotation":0,"texture":"#0","tintindex":0},"down":{"uv":[11.375,7.0,11.125,7.25],"rotation":0,"texture":"#0","tintindex":0},"east":{"uv":[7.625,11.375,7.875,11.5],"rotation":0,"texture":"#0","tintindex":0},"west":{"uv":[11.375,8.25,11.625,8.375],"rotation":0,"texture":"#0","tintindex":0},"up":{"uv":[7.125,11.375,6.875,11.125],"rotation":0,"texture":"#0","tintindex":0}}}],"display":{"head":{"translation":[0.0,-6.4,0.0],"scale":[4.0,4.0,4.0]}}}