{"textures":{"0":"modelengine:entity/goblin_1"},"elements":[{"from":[5.707143,6.03076,6.9042115],"to":[10.11452,10.438143,9.107903],"rotation":{"angle":0.0,"axis":"y","origin":[7.428571,8.234451,6.857143]},"faces":{"south":{"uv":[2.625,1.125,3.625,2.125],"rotation":0,"texture":"#0","tintindex":0},"north":{"uv":[2.625,0.0,3.625,1.0],"rotation":0,"texture":"#0","tintindex":0},"down":{"uv":[5.875,4.875,4.875,5.375],"rotation":0,"texture":"#0","tintindex":0},"east":{"uv":[4.875,0.875,5.375,1.875],"rotation":0,"texture":"#0","tintindex":0},"west":{"uv":[4.875,2.0,5.375,3.0],"rotation":0,"texture":"#0","tintindex":0},"up":{"uv":[5.875,4.75,4.875,4.25],"rotation":0,"texture":"#0","tintindex":0}}},{"from":[6.7676687,6.03076,6.5816855],"to":[8.97136,6.5816855,7.1326056],"rotation":{"angle":0.0,"axis":"y","origin":[8.392686,6.857143,6.857143]},"faces":{"south":{"uv":[2.25,8.25,2.75,8.375],"rotation":0,"texture":"#0","tintindex":0},"north":{"uv":[8.125,7.875,8.625,8.0],"rotation":0,"texture":"#0","tintindex":0},"down":{"uv":[8.75,2.625,8.25,2.75],"rotation":0,"texture":"#0","tintindex":0},"east":{"uv":[3.25,8.875,3.375,9.0],"rotation":0,"texture":"#0","tintindex":0},"west":{"uv":[8.875,4.125,9.0,4.25],"rotation":0,"texture":"#0","tintindex":0},"up":{"uv":[8.75,2.5,8.25,2.375],"rotation":0,"texture":"#0","tintindex":0}}},{"from":[8.436069,6.5816855,6.5816855],"to":[8.986995,7.1326056,7.1326056],"rotation":{"angle":0.0,"axis":"y","origin":[9.3568,6.857143,6.857143]},"faces":{"south":{"uv":[4.5,8.875,4.625,9.0],"rotation":0,"texture":"#0","tintindex":0},"north":{"uv":[4.25,8.875,4.375,9.0],"rotation":0,"texture":"#0","tintindex":0},"down":{"uv":[9.0,4.875,8.875,5.0],"rotation":0,"texture":"#0","tintindex":0},"east":{"uv":[8.875,4.375,9.0,4.5],"rotation":0,"texture":"#0","tintindex":0},"west":{"uv":[8.875,4.625,9.0,4.75],"rotation":0,"texture":"#0","tintindex":0},"up":{"uv":[4.875,9.0,4.75,8.875],"rotation":0,"texture":"#0","tintindex":0}}},{"from":[6.7676687,7.1326056,6.5816855],"to":[8.97136,7.6835313,7.1326056],"rotation":{"angle":0.0,"axis":"y","origin":[8.392686,6.857143,6.857143]},"faces":{"south":{"uv":[8.25,3.125,8.75,3.25],"rotation":0,"texture":"#0","tintindex":0},"north":{"uv":[8.25,2.875,8.75,3.0],"rotation":0,"texture":"#0","tintindex":0},"down":{"uv":[5.25,8.25,4.75,8.375],"rotation":0,"texture":"#0","tintindex":0},"east":{"uv":[5.0,8.875,5.125,9.0],"rotation":0,"texture":"#0","tintindex":0},"west":{"uv":[8.875,6.375,9.0,6.5],"rotation":0,"texture":"#0","tintindex":0},"up":{"uv":[8.75,4.75,8.25,4.625],"rotation":0,"texture":"#0","tintindex":0}}},{"from":[6.7676687,6.5816855,6.5816855],"to":[7.3185887,7.1326056,7.1326056],"rotation":{"angle":0.0,"axis":"y","origin":[8.392686,6.857143,6.857143]},"faces":{"south":{"uv":[8.875,7.125,9.0,7.25],"rotation":0,"texture":"#0","tintindex":0},"north":{"uv":[8.875,6.625,9.0,6.75],"rotation":0,"texture":"#0","tintindex":0},"down":{"uv":[8.0,8.875,7.875,9.0],"rotation":0,"texture":"#0","tintindex":0},"east":{"uv":[7.125,8.875,7.25,9.0],"rotation":0,"texture":"#0","tintindex":0},"west":{"uv":[7.375,8.875,7.5,9.0],"rotation":0,"texture":"#0","tintindex":0},"up":{"uv":[7.75,9.0,7.625,8.875],"rotation":0,"texture":"#0","tintindex":0}}}],"display":{"head":{"translation":[0.0,-6.4,0.0],"scale":[4.0,4.0,4.0]}}}