{"textures":{"0":"modelengine:entity/goblin_1"},"elements":[{"from":[5.906703,8.417103,5.1752343],"to":[10.31408,10.620794,5.7261543],"rotation":{"angle":0.0,"axis":"y","origin":[7.7245426,4.0097256,6.7809315]},"faces":{"south":{"uv":[1.125,5.0,2.125,5.5],"rotation":0,"texture":"#0","tintindex":0},"north":{"uv":[0.0,5.0,1.0,5.5],"rotation":0,"texture":"#0","tintindex":0},"down":{"uv":[8.625,6.25,7.625,6.375],"rotation":0,"texture":"#0","tintindex":0},"east":{"uv":[1.0,8.0,1.125,8.5],"rotation":0,"texture":"#0","tintindex":0},"west":{"uv":[5.875,8.0,6.0,8.5],"rotation":0,"texture":"#0","tintindex":0},"up":{"uv":[8.625,6.125,7.625,6.0],"rotation":0,"texture":"#0","tintindex":0}}},{"from":[7.5594854,5.6624913,4.6243086],"to":[8.661331,7.866183,5.7261543],"rotation":{"angle":0.0,"axis":"y","origin":[7.7245426,4.0097256,6.7809315]},"faces":{"south":{"uv":[3.75,7.625,4.0,8.125],"rotation":0,"texture":"#0","tintindex":0},"north":{"uv":[2.25,2.75,2.5,3.25],"rotation":0,"texture":"#0","tintindex":0},"down":{"uv":[6.375,8.0,6.125,8.25],"rotation":0,"texture":"#0","tintindex":0},"east":{"uv":[4.0,5.75,4.25,6.25],"rotation":0,"texture":"#0","tintindex":0},"west":{"uv":[4.875,7.625,5.125,8.125],"rotation":0,"texture":"#0","tintindex":0},"up":{"uv":[6.875,5.25,6.625,5.0],"rotation":0,"texture":"#0","tintindex":0}}},{"from":[6.4576,6.4888744,5.1752343],"to":[7.00852,7.59072,5.7261543],"rotation":{"angle":0.0,"axis":"y","origin":[7.7245426,3.7342625,6.7809315]},"faces":{"south":{"uv":[8.5,0.375,8.625,0.625],"rotation":0,"texture":"#0","tintindex":0},"north":{"uv":[8.375,8.125,8.5,8.375],"rotation":0,"texture":"#0","tintindex":0},"down":{"uv":[9.0,2.5,8.875,2.625],"rotation":0,"texture":"#0","tintindex":0},"east":{"uv":[8.5,0.0,8.625,0.25],"rotation":0,"texture":"#0","tintindex":0},"west":{"uv":[8.5,1.5,8.625,1.75],"rotation":0,"texture":"#0","tintindex":0},"up":{"uv":[2.5,9.0,2.375,8.875],"rotation":0,"texture":"#0","tintindex":0}}},{"from":[9.212263,6.4888744,5.1752343],"to":[9.763188,7.59072,5.7261543],"rotation":{"angle":0.0,"axis":"y","origin":[7.7245426,3.7342625,6.7809315]},"faces":{"south":{"uv":[2.5,8.5,2.625,8.75],"rotation":0,"texture":"#0","tintindex":0},"north":{"uv":[8.5,1.875,8.625,2.125],"rotation":0,"texture":"#0","tintindex":0},"down":{"uv":[9.0,3.0,8.875,3.125],"rotation":0,"texture":"#0","tintindex":0},"east":{"uv":[2.25,8.5,2.375,8.75],"rotation":0,"texture":"#0","tintindex":0},"west":{"uv":[3.25,8.5,3.375,8.75],"rotation":0,"texture":"#0","tintindex":0},"up":{"uv":[9.0,2.875,8.875,2.75],"rotation":0,"texture":"#0","tintindex":0}}},{"from":[5.906703,6.213417,5.7261543],"to":[10.31408,10.620794,10.133537],"rotation":{"angle":0.0,"axis":"y","origin":[7.7245426,4.0097256,6.7809315]},"faces":{"south":{"uv":[1.125,2.75,2.125,3.75],"rotation":0,"texture":"#0","tintindex":0},"north":{"uv":[2.625,2.25,3.625,3.25],"rotation":0,"texture":"#0","tintindex":0},"down":{"uv":[4.75,0.0,3.75,1.0],"rotation":0,"texture":"#0","tintindex":0},"east":{"uv":[0.0,2.75,1.0,3.75],"rotation":0,"texture":"#0","tintindex":0},"west":{"uv":[2.25,3.375,3.25,4.375],"rotation":0,"texture":"#0","tintindex":0},"up":{"uv":[4.375,4.375,3.375,3.375],"rotation":0,"texture":"#0","tintindex":0}}},{"from":[6.19584,6.213417,8.53368],"to":[6.19584,10.620794,12.941063],"rotation":{"angle":-45.0,"axis":"y","origin":[7.7245426,4.0097256,7.331857]},"faces":{"south":{"uv":[2.625,8.875,2.625,9.875],"rotation":0,"texture":"#0","tintindex":0},"north":{"uv":[6.5,7.625,6.5,8.625],"rotation":0,"texture":"#0","tintindex":0},"down":{"uv":[8.625,8.875,8.625,9.875],"rotation":0,"texture":"#0","tintindex":0},"east":{"uv":[3.75,1.125,4.75,2.125],"rotation":0,"texture":"#0","tintindex":0},"west":{"uv":[3.75,2.25,4.75,3.25],"rotation":0,"texture":"#0","tintindex":0},"up":{"uv":[5.25,9.875,5.25,8.875],"rotation":0,"texture":"#0","tintindex":0}}},{"from":[10.024531,6.213417,8.53368],"to":[10.024531,10.620794,12.941063],"rotation":{"angle":45.0,"axis":"y","origin":[7.7245426,4.0097256,7.331857]},"faces":{"south":{"uv":[2.625,8.875,2.625,9.875],"rotation":0,"texture":"#0","tintindex":0},"north":{"uv":[6.5,7.625,6.5,8.625],"rotation":0,"texture":"#0","tintindex":0},"down":{"uv":[8.625,8.875,8.625,9.875],"rotation":0,"texture":"#0","tintindex":0},"east":{"uv":[0.0,3.875,1.0,4.875],"rotation":0,"texture":"#0","tintindex":0},"west":{"uv":[1.125,3.875,2.125,4.875],"rotation":0,"texture":"#0","tintindex":0},"up":{"uv":[5.25,9.875,5.25,8.875],"rotation":0,"texture":"#0","tintindex":0}}},{"from":[5.5348454,7.5311027,6.69988],"to":[10.493149,10.836635,12.209108],"rotation":{"angle":45.0,"axis":"x","origin":[8.000195,9.183868,9.454497]},"faces":{"south":{"uv":[4.875,0.0,6.0,0.75],"rotation":0,"texture":"#0","tintindex":0},"north":{"uv":[3.625,4.5,4.75,5.25],"rotation":0,"texture":"#0","tintindex":0},"down":{"uv":[2.5,1.375,1.375,2.625],"rotation":0,"texture":"#0","tintindex":0},"east":{"uv":[2.25,4.5,3.5,5.25],"rotation":0,"texture":"#0","tintindex":0},"west":{"uv":[4.5,3.375,5.75,4.125],"rotation":0,"texture":"#0","tintindex":0},"up":{"uv":[2.5,1.25,1.375,0.0],"rotation":0,"texture":"#0","tintindex":0}}},{"from":[5.4106684,8.412578,5.5964513],"to":[10.809709,12.158852,11.5464115],"rotation":{"angle":-22.5,"axis":"x","origin":[8.0,10.285714,8.571428]},"faces":{"south":{"uv":[4.875,0.0,6.0,0.75],"rotation":0,"texture":"#0","tintindex":0},"north":{"uv":[3.625,4.5,4.75,5.25],"rotation":0,"texture":"#0","tintindex":0},"down":{"uv":[2.5,1.375,1.375,2.625],"rotation":0,"texture":"#0","tintindex":0},"east":{"uv":[2.25,4.5,3.5,5.25],"rotation":0,"texture":"#0","tintindex":0},"west":{"uv":[4.5,3.375,5.75,4.125],"rotation":0,"texture":"#0","tintindex":0},"up":{"uv":[2.5,1.25,1.375,0.0],"rotation":0,"texture":"#0","tintindex":0}}}],"display":{"head":{"translation":[0.0,-6.4,0.0],"scale":[4.0,4.0,4.0]}}}