{"textures":{"0":"modelengine:entity/goblin_1"},"elements":[{"from":[7.0213885,4.0820284,6.9042115],"to":[8.674154,6.83664,9.107903],"rotation":{"angle":0.0,"axis":"y","origin":[11.428572,6.285714,6.857143]},"faces":{"south":{"uv":[1.25,7.125,1.625,7.75],"rotation":0,"texture":"#0","tintindex":0},"north":{"uv":[0.0,7.125,0.375,7.75],"rotation":0,"texture":"#0","tintindex":0},"down":{"uv":[7.625,2.375,7.25,2.875],"rotation":0,"texture":"#0","tintindex":0},"east":{"uv":[5.875,1.25,6.375,1.875],"rotation":0,"texture":"#0","tintindex":0},"west":{"uv":[5.875,2.0,6.375,2.625],"rotation":0,"texture":"#0","tintindex":0},"up":{"uv":[2.625,7.75,2.25,7.25],"rotation":0,"texture":"#0","tintindex":0}}},{"from":[6.745926,1.8783369,6.9042115],"to":[8.949617,4.0820284,9.107903],"rotation":{"angle":0.0,"axis":"y","origin":[11.428572,6.285714,6.857143]},"faces":{"south":{"uv":[1.875,6.625,2.375,7.125],"rotation":0,"texture":"#0","tintindex":0},"north":{"uv":[6.5,1.25,7.0,1.75],"rotation":0,"texture":"#0","tintindex":0},"down":{"uv":[3.625,6.625,3.125,7.125],"rotation":0,"texture":"#0","tintindex":0},"east":{"uv":[6.5,1.875,7.0,2.375],"rotation":0,"texture":"#0","tintindex":0},"west":{"uv":[2.5,6.625,3.0,7.125],"rotation":0,"texture":"#0","tintindex":0},"up":{"uv":[7.125,3.0,6.625,2.5],"rotation":0,"texture":"#0","tintindex":0}}},{"from":[7.0213885,6.83664,6.6287484],"to":[9.225075,9.040332,9.38336],"rotation":{"angle":0.0,"axis":"y","origin":[11.428572,6.285714,6.857143]},"faces":{"south":{"uv":[3.75,6.625,4.25,7.125],"rotation":0,"texture":"#0","tintindex":0},"north":{"uv":[6.625,3.125,7.125,3.625],"rotation":0,"texture":"#0","tintindex":0},"down":{"uv":[6.5,4.75,6.0,5.375],"rotation":0,"texture":"#0","tintindex":0},"east":{"uv":[5.875,2.75,6.5,3.25],"rotation":0,"texture":"#0","tintindex":0},"west":{"uv":[5.875,3.375,6.5,3.875],"rotation":0,"texture":"#0","tintindex":0},"up":{"uv":[6.5,4.625,6.0,4.0],"rotation":0,"texture":"#0","tintindex":0}}}],"display":{"head":{"translation":[0.0,-6.4,0.0],"scale":[4.0,4.0,4.0]}}}