{"textures":{"0":"modelengine:entity/goblin_1"},"elements":[{"from":[6.898349,5.7347884,5.7408457],"to":[9.102035,6.836634,9.046383],"rotation":{"angle":0.0,"axis":"y","origin":[9.377303,11.794937,6.795623]},"faces":{"south":{"uv":[7.625,5.125,8.125,5.375],"rotation":0,"texture":"#0","tintindex":0},"north":{"uv":[7.625,4.75,8.125,5.0],"rotation":0,"texture":"#0","tintindex":0},"down":{"uv":[2.625,5.75,2.125,6.5],"rotation":0,"texture":"#0","tintindex":0},"east":{"uv":[7.0,5.625,7.75,5.875],"rotation":0,"texture":"#0","tintindex":0},"west":{"uv":[7.125,2.0,7.875,2.25],"rotation":0,"texture":"#0","tintindex":0},"up":{"uv":[2.0,6.375,1.5,5.625],"rotation":0,"texture":"#0","tintindex":0}}},{"from":[6.898349,6.836634,6.8426914],"to":[9.102035,7.38756,9.046383],"rotation":{"angle":0.0,"axis":"y","origin":[9.377303,11.794937,6.795623]},"faces":{"south":{"uv":[8.0,4.375,8.5,4.5],"rotation":0,"texture":"#0","tintindex":0},"north":{"uv":[4.875,3.125,5.375,3.25],"rotation":0,"texture":"#0","tintindex":0},"down":{"uv":[1.75,6.5,1.25,7.0],"rotation":0,"texture":"#0","tintindex":0},"east":{"uv":[6.75,0.625,7.25,0.75],"rotation":0,"texture":"#0","tintindex":0},"west":{"uv":[5.25,8.0,5.75,8.125],"rotation":0,"texture":"#0","tintindex":0},"up":{"uv":[1.125,6.875,0.625,6.375],"rotation":0,"texture":"#0","tintindex":0}}},{"from":[6.6228857,7.38756,6.5672283],"to":[9.377497,8.489406,9.32184],"rotation":{"angle":0.0,"axis":"y","origin":[9.377303,11.794937,6.795623]},"faces":{"south":{"uv":[7.375,0.0,8.0,0.25],"rotation":0,"texture":"#0","tintindex":0},"north":{"uv":[7.25,4.0,7.875,4.25],"rotation":0,"texture":"#0","tintindex":0},"down":{"uv":[6.125,5.5,5.5,6.125],"rotation":0,"texture":"#0","tintindex":0},"east":{"uv":[7.25,4.375,7.875,4.625],"rotation":0,"texture":"#0","tintindex":0},"west":{"uv":[7.375,0.375,8.0,0.625],"rotation":0,"texture":"#0","tintindex":0},"up":{"uv":[5.375,6.125,4.75,5.5],"rotation":0,"texture":"#0","tintindex":0}}},{"from":[7.1738057,8.213943,7.118154],"to":[8.826577,9.315788,8.77092],"rotation":{"angle":0.0,"axis":"y","origin":[9.377303,11.519474,6.795623]},"faces":{"south":{"uv":[7.75,2.75,8.125,3.0],"rotation":0,"texture":"#0","tintindex":0},"north":{"uv":[7.625,6.875,8.0,7.125],"rotation":0,"texture":"#0","tintindex":0},"down":{"uv":[8.0,1.5,7.625,1.875],"rotation":0,"texture":"#0","tintindex":0},"east":{"uv":[7.75,2.375,8.125,2.625],"rotation":0,"texture":"#0","tintindex":0},"west":{"uv":[7.75,3.125,8.125,3.375],"rotation":0,"texture":"#0","tintindex":0},"up":{"uv":[5.75,7.875,5.375,7.5],"rotation":0,"texture":"#0","tintindex":0}}},{"from":[6.787966,6.1755314,5.032674],"to":[8.110183,6.9468226,6.3548856],"rotation":{"angle":0.0,"axis":"y","origin":[6.8981543,6.285714,5.142857]},"faces":{"south":{"uv":[7.25,4.75,7.5,4.875],"rotation":0,"texture":"#0","tintindex":0},"north":{"uv":[4.5,4.25,4.75,4.375],"rotation":0,"texture":"#0","tintindex":0},"down":{"uv":[8.625,5.25,8.375,5.5],"rotation":0,"texture":"#0","tintindex":0},"east":{"uv":[4.0,6.375,4.25,6.5],"rotation":0,"texture":"#0","tintindex":0},"west":{"uv":[8.75,5.25,9.0,5.375],"rotation":0,"texture":"#0","tintindex":0},"up":{"uv":[1.875,8.625,1.625,8.375],"rotation":0,"texture":"#0","tintindex":0}}},{"from":[8.440737,6.1755314,5.032674],"to":[9.2120285,6.9468226,6.3548856],"rotation":{"angle":0.0,"axis":"y","origin":[8.0,6.285714,5.142857]},"faces":{"south":{"uv":[8.875,8.125,9.0,8.25],"rotation":0,"texture":"#0","tintindex":0},"north":{"uv":[8.125,8.875,8.25,9.0],"rotation":0,"texture":"#0","tintindex":0},"down":{"uv":[6.25,8.75,6.125,9.0],"rotation":0,"texture":"#0","tintindex":0},"east":{"uv":[8.75,5.5,9.0,5.625],"rotation":0,"texture":"#0","tintindex":0},"west":{"uv":[8.75,5.75,9.0,5.875],"rotation":0,"texture":"#0","tintindex":0},"up":{"uv":[8.875,6.25,8.75,6.0],"rotation":0,"texture":"#0","tintindex":0}}}],"display":{"head":{"translation":[0.0,-6.4,0.0],"scale":[4.0,4.0,4.0]}}}