{"textures":{"0":"modelengine:entity/goblin_1"},"elements":[{"from":[7.8898115,6.1755314,5.032674],"to":[9.2120285,6.9468226,6.3548856],"rotation":{"angle":0.0,"axis":"y","origin":[9.101846,6.285714,5.142857]},"faces":{"south":{"uv":[2.0,8.875,2.25,9.0],"rotation":0,"texture":"#0","tintindex":0},"north":{"uv":[8.75,6.875,9.0,7.0],"rotation":0,"texture":"#0","tintindex":0},"down":{"uv":[6.375,8.375,6.125,8.625],"rotation":0,"texture":"#0","tintindex":0},"east":{"uv":[8.75,7.875,9.0,8.0],"rotation":0,"texture":"#0","tintindex":0},"west":{"uv":[8.875,2.25,9.125,2.375],"rotation":0,"texture":"#0","tintindex":0},"up":{"uv":[8.625,5.875,8.375,5.625],"rotation":0,"texture":"#0","tintindex":0}}},{"from":[7.173417,8.213943,7.118154],"to":[8.826189,9.315788,8.77092],"rotation":{"angle":0.0,"axis":"y","origin":[6.622691,11.519474,6.795623]},"faces":{"south":{"uv":[8.0,2.0,8.375,2.25],"rotation":0,"texture":"#0","tintindex":0},"north":{"uv":[0.5,8.0,0.875,8.25],"rotation":0,"texture":"#0","tintindex":0},"down":{"uv":[4.75,7.625,4.375,8.0],"rotation":0,"texture":"#0","tintindex":0},"east":{"uv":[1.75,8.0,2.125,8.25],"rotation":0,"texture":"#0","tintindex":0},"west":{"uv":[8.0,4.0,8.375,4.25],"rotation":0,"texture":"#0","tintindex":0},"up":{"uv":[3.625,8.0,3.25,7.625],"rotation":0,"texture":"#0","tintindex":0}}},{"from":[6.8979597,6.836634,6.8426914],"to":[9.101645,7.38756,9.046383],"rotation":{"angle":0.0,"axis":"y","origin":[6.622691,11.794937,6.795623]},"faces":{"south":{"uv":[8.125,7.625,8.625,7.75],"rotation":0,"texture":"#0","tintindex":0},"north":{"uv":[8.125,6.875,8.625,7.0],"rotation":0,"texture":"#0","tintindex":0},"down":{"uv":[7.125,4.375,6.625,4.875],"rotation":0,"texture":"#0","tintindex":0},"east":{"uv":[7.125,8.125,7.625,8.25],"rotation":0,"texture":"#0","tintindex":0},"west":{"uv":[7.75,8.125,8.25,8.25],"rotation":0,"texture":"#0","tintindex":0},"up":{"uv":[7.125,4.25,6.625,3.75],"rotation":0,"texture":"#0","tintindex":0}}},{"from":[6.622497,7.38756,6.5672283],"to":[9.377109,8.489406,9.32184],"rotation":{"angle":0.0,"axis":"y","origin":[6.622691,11.794937,6.795623]},"faces":{"south":{"uv":[7.625,0.75,8.25,1.0],"rotation":0,"texture":"#0","tintindex":0},"north":{"uv":[7.125,7.375,7.75,7.625],"rotation":0,"texture":"#0","tintindex":0},"down":{"uv":[1.375,5.625,0.75,6.25],"rotation":0,"texture":"#0","tintindex":0},"east":{"uv":[0.5,7.625,1.125,7.875],"rotation":0,"texture":"#0","tintindex":0},"west":{"uv":[7.625,1.125,8.25,1.375],"rotation":0,"texture":"#0","tintindex":0},"up":{"uv":[0.625,6.25,0.0,5.625],"rotation":0,"texture":"#0","tintindex":0}}},{"from":[6.8979597,5.7347884,5.7408457],"to":[9.101645,6.836634,9.046383],"rotation":{"angle":0.0,"axis":"y","origin":[6.622691,11.794937,6.795623]},"faces":{"south":{"uv":[7.625,6.5,8.125,6.75],"rotation":0,"texture":"#0","tintindex":0},"north":{"uv":[5.875,7.625,6.375,7.875],"rotation":0,"texture":"#0","tintindex":0},"down":{"uv":[3.875,5.75,3.375,6.5],"rotation":0,"texture":"#0","tintindex":0},"east":{"uv":[3.25,7.25,4.0,7.5],"rotation":0,"texture":"#0","tintindex":0},"west":{"uv":[7.25,3.625,8.0,3.875],"rotation":0,"texture":"#0","tintindex":0},"up":{"uv":[3.25,6.5,2.75,5.75],"rotation":0,"texture":"#0","tintindex":0}}},{"from":[6.787966,6.1755314,5.032674],"to":[7.559257,6.9468226,6.3548856],"rotation":{"angle":0.0,"axis":"y","origin":[8.0,6.285714,5.142857]},"faces":{"south":{"uv":[8.875,8.375,9.0,8.5],"rotation":0,"texture":"#0","tintindex":0},"north":{"uv":[8.375,8.875,8.5,9.0],"rotation":0,"texture":"#0","tintindex":0},"down":{"uv":[0.875,8.875,0.75,9.125],"rotation":0,"texture":"#0","tintindex":0},"east":{"uv":[6.375,8.75,6.625,8.875],"rotation":0,"texture":"#0","tintindex":0},"west":{"uv":[6.75,8.75,7.0,8.875],"rotation":0,"texture":"#0","tintindex":0},"up":{"uv":[8.875,7.75,8.75,7.5],"rotation":0,"texture":"#0","tintindex":0}}}],"display":{"head":{"translation":[0.0,-6.4,0.0],"scale":[4.0,4.0,4.0]}}}