{"textures":{"0":"modelengine:entity/goblin_1"},"elements":[{"from":[7.3321714,7.277377,0.2384224],"to":[8.654388,8.599594,9.273548],"rotation":{"angle":0.0,"axis":"y","origin":[7.1531086,7.38756,5.3069086]},"faces":{"south":{"uv":[8.125,0.375,8.375,0.625],"rotation":0,"texture":"#0","tintindex":0},"north":{"uv":[8.125,0.0,8.375,0.25],"rotation":0,"texture":"#0","tintindex":0},"down":{"uv":[5.75,1.25,5.5,3.25],"rotation":0,"texture":"#0","tintindex":0},"east":{"uv":[2.25,5.375,4.25,5.625],"rotation":0,"texture":"#0","tintindex":0},"west":{"uv":[5.5,0.875,7.5,1.125],"rotation":0,"texture":"#0","tintindex":0},"up":{"uv":[4.625,7.375,4.375,5.375],"rotation":0,"texture":"#0","tintindex":0}}},{"from":[7.7178173,8.599594,0.89952564],"to":[8.268743,9.701434,2.552297],"rotation":{"angle":0.0,"axis":"y","origin":[7.428571,8.599594,5.857828]},"faces":{"south":{"uv":[8.5,3.75,8.625,4.0],"rotation":0,"texture":"#0","tintindex":0},"north":{"uv":[8.5,3.375,8.625,3.625],"rotation":0,"texture":"#0","tintindex":0},"down":{"uv":[2.125,8.375,2.0,8.75],"rotation":0,"texture":"#0","tintindex":0},"east":{"uv":[7.125,7.75,7.5,8.0],"rotation":0,"texture":"#0","tintindex":0},"west":{"uv":[7.625,7.75,8.0,8.0],"rotation":0,"texture":"#0","tintindex":0},"up":{"uv":[0.875,8.75,0.75,8.375],"rotation":0,"texture":"#0","tintindex":0}}},{"from":[7.7178173,8.461863,3.1032166],"to":[8.268743,9.563708,4.7559824],"rotation":{"angle":0.0,"axis":"y","origin":[7.428571,8.461863,8.06152]},"faces":{"south":{"uv":[4.625,8.5,4.75,8.75],"rotation":0,"texture":"#0","tintindex":0},"north":{"uv":[4.375,8.5,4.5,8.75],"rotation":0,"texture":"#0","tintindex":0},"down":{"uv":[8.5,7.125,8.375,7.5],"rotation":0,"texture":"#0","tintindex":0},"east":{"uv":[0.0,7.875,0.375,8.125],"rotation":0,"texture":"#0","tintindex":0},"west":{"uv":[1.25,7.875,1.625,8.125],"rotation":0,"texture":"#0","tintindex":0},"up":{"uv":[7.25,8.75,7.125,8.375],"rotation":0,"texture":"#0","tintindex":0}}},{"from":[7.7178173,6.285714,0.34860516],"to":[8.268743,7.38756,2.0013714],"rotation":{"angle":0.0,"axis":"y","origin":[7.428571,6.285714,5.3069086]},"faces":{"south":{"uv":[1.25,8.625,1.375,8.875],"rotation":0,"texture":"#0","tintindex":0},"north":{"uv":[1.0,8.625,1.125,8.875],"rotation":0,"texture":"#0","tintindex":0},"down":{"uv":[7.75,8.375,7.625,8.75],"rotation":0,"texture":"#0","tintindex":0},"east":{"uv":[2.25,7.875,2.625,8.125],"rotation":0,"texture":"#0","tintindex":0},"west":{"uv":[2.75,7.875,3.125,8.125],"rotation":0,"texture":"#0","tintindex":0},"up":{"uv":[7.5,8.75,7.375,8.375],"rotation":0,"texture":"#0","tintindex":0}}},{"from":[7.7178173,6.4234457,2.552297],"to":[8.268743,7.5252914,4.205063],"rotation":{"angle":0.0,"axis":"y","origin":[7.428571,6.4234457,7.5105944]},"faces":{"south":{"uv":[3.0,8.625,3.125,8.875],"rotation":0,"texture":"#0","tintindex":0},"north":{"uv":[2.75,8.625,2.875,8.875],"rotation":0,"texture":"#0","tintindex":0},"down":{"uv":[8.25,8.375,8.125,8.75],"rotation":0,"texture":"#0","tintindex":0},"east":{"uv":[7.875,5.5,8.25,5.75],"rotation":0,"texture":"#0","tintindex":0},"west":{"uv":[7.875,7.25,8.25,7.5],"rotation":0,"texture":"#0","tintindex":0},"up":{"uv":[8.0,8.75,7.875,8.375],"rotation":0,"texture":"#0","tintindex":0}}},{"from":[7.7178173,8.599594,5.3069086],"to":[8.268743,9.701434,6.4087543],"rotation":{"angle":0.0,"axis":"y","origin":[7.428571,8.599594,10.265211]},"faces":{"south":{"uv":[5.125,8.5,5.25,8.75],"rotation":0,"texture":"#0","tintindex":0},"north":{"uv":[4.875,8.5,5.0,8.75],"rotation":0,"texture":"#0","tintindex":0},"down":{"uv":[0.125,8.625,0.0,8.875],"rotation":0,"texture":"#0","tintindex":0},"east":{"uv":[8.125,1.5,8.375,1.75],"rotation":0,"texture":"#0","tintindex":0},"west":{"uv":[3.25,8.125,3.5,8.375],"rotation":0,"texture":"#0","tintindex":0},"up":{"uv":[8.5,8.75,8.375,8.5],"rotation":0,"texture":"#0","tintindex":0}}},{"from":[7.7178173,6.285714,4.7559824],"to":[8.268743,7.38756,5.857828],"rotation":{"angle":0.0,"axis":"y","origin":[7.428571,6.285714,9.714286]},"faces":{"south":{"uv":[3.75,8.625,3.875,8.875],"rotation":0,"texture":"#0","tintindex":0},"north":{"uv":[3.5,8.625,3.625,8.875],"rotation":0,"texture":"#0","tintindex":0},"down":{"uv":[8.75,4.125,8.625,4.375],"rotation":0,"texture":"#0","tintindex":0},"east":{"uv":[8.125,3.5,8.375,3.75],"rotation":0,"texture":"#0","tintindex":0},"west":{"uv":[4.375,8.125,4.625,8.375],"rotation":0,"texture":"#0","tintindex":0},"up":{"uv":[4.125,8.875,4.0,8.625],"rotation":0,"texture":"#0","tintindex":0}}}],"display":{"head":{"translation":[0.0,-6.4,0.0],"scale":[4.0,4.0,4.0]}}}