{"textures":{"0":"modelengine:entity/zahur"},"elements":[{"from":[10.449806,2.235754,9.729275],"to":[12.17908,9.729269,11.458543],"rotation":{"angle":0.0,"axis":"y","origin":[11.31444,8.8646345,10.593908]},"faces":{"south":{"uv":[7.0,2.875,6.625,4.5],"rotation":0,"texture":"#0","tintindex":0},"north":{"uv":[6.25,2.875,5.875,4.5],"rotation":0,"texture":"#0","tintindex":0},"down":{"uv":[6.25,2.5,6.625,2.875],"rotation":0,"texture":"#0","tintindex":0},"east":{"uv":[6.625,2.875,6.25,4.5],"rotation":0,"texture":"#0","tintindex":0},"west":{"uv":[5.875,2.875,5.5,4.5],"rotation":0,"texture":"#0","tintindex":0},"up":{"uv":[5.875,2.875,6.25,2.5],"rotation":0,"texture":"#0","tintindex":0}}},{"from":[5.406091,-5.8341885,7.7117887],"to":[7.7117887,-4.1049147,11.74676],"rotation":{"angle":0.0,"axis":"y","origin":[7.1353655,-5.8341885,10.593908]},"faces":{"south":{"uv":[6.75,0.875,7.25,1.25],"rotation":0,"texture":"#0","tintindex":0},"north":{"uv":[5.375,0.875,5.875,1.25],"rotation":0,"texture":"#0","tintindex":0},"down":{"uv":[6.375,0.0,5.875,0.875],"rotation":0,"texture":"#0","tintindex":0},"east":{"uv":[4.5,0.875,5.375,1.25],"rotation":0,"texture":"#0","tintindex":0},"west":{"uv":[5.875,0.875,6.75,1.25],"rotation":0,"texture":"#0","tintindex":0},"up":{"uv":[5.875,0.875,5.375,0.0],"rotation":0,"texture":"#0","tintindex":0}}},{"from":[6.558937,-5.891835,6.558937],"to":[7.1353655,-4.738984,8.288212],"rotation":{"angle":0.0,"axis":"y","origin":[6.558937,-5.891835,10.017486]},"faces":{"south":{"uv":[5.375,3.875,5.5,4.125],"rotation":0,"texture":"#0","tintindex":0},"north":{"uv":[4.875,3.875,5.0,4.125],"rotation":0,"texture":"#0","tintindex":0},"down":{"uv":[5.125,3.5,5.0,3.875],"rotation":0,"texture":"#0","tintindex":0},"east":{"uv":[4.5,3.875,4.875,4.125],"rotation":0,"texture":"#0","tintindex":0},"west":{"uv":[5.0,3.875,5.375,4.125],"rotation":0,"texture":"#0","tintindex":0},"up":{"uv":[5.0,3.875,4.875,3.5],"rotation":0,"texture":"#0","tintindex":0}}},{"from":[7.2794685,-5.891835,6.558937],"to":[7.855891,-4.738984,8.8646345],"rotation":{"angle":0.0,"axis":"y","origin":[7.2794685,-5.891835,10.017486]},"faces":{"south":{"uv":[2.625,7.5,2.75,7.75],"rotation":0,"texture":"#0","tintindex":0},"north":{"uv":[2.0,7.5,2.125,7.75],"rotation":0,"texture":"#0","tintindex":0},"down":{"uv":[2.25,7.0,2.125,7.5],"rotation":0,"texture":"#0","tintindex":0},"east":{"uv":[1.5,7.5,2.0,7.75],"rotation":0,"texture":"#0","tintindex":0},"west":{"uv":[2.125,7.5,2.625,7.75],"rotation":0,"texture":"#0","tintindex":0},"up":{"uv":[2.125,7.5,2.0,7.0],"rotation":0,"texture":"#0","tintindex":0}}},{"from":[5.8384056,-5.891835,6.703046],"to":[6.414834,-4.738984,9.585166],"rotation":{"angle":0.0,"axis":"y","origin":[5.8384056,-5.891835,10.161589]},"faces":{"south":{"uv":[9.375,3.625,9.5,3.875],"rotation":0,"texture":"#0","tintindex":0},"north":{"uv":[8.625,3.625,8.75,3.875],"rotation":0,"texture":"#0","tintindex":0},"down":{"uv":[8.875,3.0,8.75,3.625],"rotation":0,"texture":"#0","tintindex":0},"east":{"uv":[8.0,3.625,8.625,3.875],"rotation":0,"texture":"#0","tintindex":0},"west":{"uv":[8.75,3.625,9.375,3.875],"rotation":0,"texture":"#0","tintindex":0},"up":{"uv":[8.75,3.625,8.625,3.0],"rotation":0,"texture":"#0","tintindex":0}}},{"from":[5.11788,-5.891835,6.991257],"to":[5.6943026,-4.738984,9.873377],"rotation":{"angle":0.0,"axis":"y","origin":[5.406091,-5.315406,8.432314]},"faces":{"south":{"uv":[1.375,7.625,1.5,7.875],"rotation":0,"texture":"#0","tintindex":0},"north":{"uv":[0.625,7.625,0.75,7.875],"rotation":0,"texture":"#0","tintindex":0},"down":{"uv":[0.875,7.0,0.75,7.625],"rotation":0,"texture":"#0","tintindex":0},"east":{"uv":[0.0,7.625,0.625,7.875],"rotation":0,"texture":"#0","tintindex":0},"west":{"uv":[0.75,7.625,1.375,7.875],"rotation":0,"texture":"#0","tintindex":0},"up":{"uv":[0.75,7.625,0.625,7.0],"rotation":0,"texture":"#0","tintindex":0}}},{"from":[3.82092,2.235754,9.729275],"to":[5.5501943,9.729269,11.458543],"rotation":{"angle":0.0,"axis":"y","origin":[4.6855597,8.8646345,10.593908]},"faces":{"south":{"uv":[6.625,2.875,7.0,4.5],"rotation":0,"texture":"#0","tintindex":0},"north":{"uv":[5.875,2.875,6.25,4.5],"rotation":0,"texture":"#0","tintindex":0},"down":{"uv":[6.625,2.5,6.25,2.875],"rotation":0,"texture":"#0","tintindex":0},"east":{"uv":[5.5,2.875,5.875,4.5],"rotation":0,"texture":"#0","tintindex":0},"west":{"uv":[6.25,2.875,6.625,4.5],"rotation":0,"texture":"#0","tintindex":0},"up":{"uv":[6.25,2.875,5.875,2.5],"rotation":0,"texture":"#0","tintindex":0}}},{"from":[10.88212,2.8121772,8.0],"to":[12.034971,3.9650283,12.611395],"rotation":{"angle":0.0,"axis":"y","origin":[12.034971,2.235754,9.152845]},"faces":{"south":{"uv":[6.75,2.25,7.0,2.5],"rotation":0,"texture":"#0","tintindex":0},"north":{"uv":[5.5,2.25,5.75,2.5],"rotation":0,"texture":"#0","tintindex":0},"down":{"uv":[6.0,1.25,5.75,2.25],"rotation":0,"texture":"#0","tintindex":0},"east":{"uv":[4.5,2.25,5.5,2.5],"rotation":0,"texture":"#0","tintindex":0},"west":{"uv":[5.75,2.25,6.75,2.5],"rotation":0,"texture":"#0","tintindex":0},"up":{"uv":[5.75,2.25,5.5,1.25],"rotation":0,"texture":"#0","tintindex":0}}},{"from":[10.305697,2.235754,-1.7992172],"to":[12.611395,4.5414515,8.576423],"rotation":{"angle":0.0,"axis":"y","origin":[12.034971,2.235754,4.5414515]},"faces":{"south":{"uv":[5.0,6.5,5.5,7.0],"rotation":0,"texture":"#0","tintindex":0},"north":{"uv":[2.25,6.5,2.75,7.0],"rotation":0,"texture":"#0","tintindex":0},"down":{"uv":[3.25,4.25,2.75,6.5],"rotation":0,"texture":"#0","tintindex":0},"east":{"uv":[0.0,6.5,2.25,7.0],"rotation":0,"texture":"#0","tintindex":0},"west":{"uv":[2.75,6.5,5.0,7.0],"rotation":0,"texture":"#0","tintindex":0},"up":{"uv":[2.75,6.5,2.25,4.25],"rotation":0,"texture":"#0","tintindex":0}}},{"from":[5.6943026,-4.681344,9.729275],"to":[7.4235773,2.8121772,11.458543],"rotation":{"angle":0.0,"axis":"y","origin":[6.8471484,-4.681344,10.88212]},"faces":{"south":{"uv":[6.625,4.875,7.0,6.5],"rotation":0,"texture":"#0","tintindex":0},"north":{"uv":[5.875,4.875,6.25,6.5],"rotation":0,"texture":"#0","tintindex":0},"down":{"uv":[6.625,4.5,6.25,4.875],"rotation":0,"texture":"#0","tintindex":0},"east":{"uv":[5.5,4.875,5.875,6.5],"rotation":0,"texture":"#0","tintindex":0},"west":{"uv":[6.25,4.875,6.625,6.5],"rotation":0,"texture":"#0","tintindex":0},"up":{"uv":[6.25,4.875,5.875,4.5],"rotation":0,"texture":"#0","tintindex":0}}},{"from":[8.288212,-5.8341885,7.7117887],"to":[10.593908,-4.1049147,11.74676],"rotation":{"angle":0.0,"axis":"y","origin":[8.8646345,-5.8341885,10.593908]},"faces":{"south":{"uv":[7.25,0.875,6.75,1.25],"rotation":0,"texture":"#0","tintindex":0},"north":{"uv":[5.875,0.875,5.375,1.25],"rotation":0,"texture":"#0","tintindex":0},"down":{"uv":[5.875,0.0,6.375,0.875],"rotation":0,"texture":"#0","tintindex":0},"east":{"uv":[6.75,0.875,5.875,1.25],"rotation":0,"texture":"#0","tintindex":0},"west":{"uv":[5.375,0.875,4.5,1.25],"rotation":0,"texture":"#0","tintindex":0},"up":{"uv":[5.375,0.875,5.875,0.0],"rotation":0,"texture":"#0","tintindex":0}}},{"from":[8.576423,-4.681344,9.729275],"to":[10.305697,2.8121772,11.458543],"rotation":{"angle":0.0,"axis":"y","origin":[9.152851,-4.681344,10.88212]},"faces":{"south":{"uv":[7.0,4.875,6.625,6.5],"rotation":0,"texture":"#0","tintindex":0},"north":{"uv":[6.25,4.875,5.875,6.5],"rotation":0,"texture":"#0","tintindex":0},"down":{"uv":[6.25,4.5,6.625,4.875],"rotation":0,"texture":"#0","tintindex":0},"east":{"uv":[6.625,4.875,6.25,6.5],"rotation":0,"texture":"#0","tintindex":0},"west":{"uv":[5.875,4.875,5.5,6.5],"rotation":0,"texture":"#0","tintindex":0},"up":{"uv":[5.875,4.875,6.25,4.5],"rotation":0,"texture":"#0","tintindex":0}}},{"from":[8.8646345,-5.891835,6.558937],"to":[9.441063,-4.738984,8.288212],"rotation":{"angle":0.0,"axis":"y","origin":[9.441063,-5.891835,10.017486]},"faces":{"south":{"uv":[5.5,3.875,5.375,4.125],"rotation":0,"texture":"#0","tintindex":0},"north":{"uv":[5.0,3.875,4.875,4.125],"rotation":0,"texture":"#0","tintindex":0},